Customer ID,first_name,last_name,email,gender,days_last_flown,customer_category
3,Tyler,McGrail,tmcgrail2@nyu.edu,Male,83,Recent fliers
9,Binnie,Jeckell,bjeckell8@123-reg.co.uk,Female,240,Been away a while
14,Ashil,Tetlow,atetlowd@woothemes.com,Female,274,Been away a while
15,Ayn,Bengtson,abengtsone@bloomberg.com,Female,258,Been away a while
24,Grace,Piesing,gpiesingn@zdnet.com,Female,350,Lapsed Customers
30,Kipper,Danev,kdanevt@businessweek.com,Male,389,Lapsed Customers
32,Artemus,Baudino,abaudinov@amazon.co.uk,Male,306,Lapsed Customers
47,Alasdair,Donohue,adonohue1a@wsj.com,Male,355,Lapsed Customers
57,Kayley,Atchly,katchly1k@livejournal.com,Female,123,Taking a break
60,Mitchel,Critoph,mcritoph1n@jimdo.com,Male,253,Been away a while
81,Bentley,McPhillimey,bmcphillimey28@noaa.gov,Male,41,Recent fliers
83,Kylie,Guillon,kguillon2a@usa.gov,Male,302,Lapsed Customers
91,Bartholemy,Maltster,bmaltster2i@ftc.gov,Male,130,Taking a break
95,Linnie,Caile,lcaile2m@uiuc.edu,Female,150,Taking a break
96,Rhodie,Fruser,rfruser2n@multiply.com,Female,179,Taking a break
97,Abey,Rennix,arennix2o@goodreads.com,Male,42,Recent fliers
117,Farris,Lunck,flunck38@ezinearticles.com,Male,80,Recent fliers
122,Jacynth,Arendsen,jarendsen3d@ameblo.jp,Female,123,Taking a break
155,Adena,Barroux,abarroux4a@shareasale.com,Female,209,Been away a while
157,Danielle,Laight,dlaight4c@spotify.com,Female,375,Lapsed Customers
178,Nealy,Druce,ndruce4x@goo.gl,Male,310,Lapsed Customers
179,Silvain,Blackway,sblackway4y@livejournal.com,Male,269,Been away a while
182,Jasun,Adshad,jadshad51@google.com.hk,Male,339,Lapsed Customers
195,Corney,Phillipps,cphillipps5e@businessinsider.com,Male,393,Lapsed Customers
201,Aimee,Roscow,aroscow5k@businessinsider.com,Female,363,Lapsed Customers
203,Malorie,Guillot,mguillot5m@intel.com,Female,364,Lapsed Customers
215,Birk,Beet,bbeet5y@mlb.com,Male,242,Been away a while
222,Darcee,Wimlet,dwimlet65@sogou.com,Female,371,Lapsed Customers
227,Olly,Breukelman,obreukelman6a@networkadvertising.org,Male,76,Recent fliers
235,Krista,Willbourne,kwillbourne6i@technorati.com,Female,305,Lapsed Customers
237,Roxy,Seddon,rseddon6k@oracle.com,Female,56,Recent fliers
245,Ginnie,Lyles,glyles6s@bizjournals.com,Female,274,Been away a while
254,Daniele,Kewley,dkewley71@alibaba.com,Female,183,Been away a while
256,Thibaut,Kempshall,tkempshall73@ucsd.edu,Male,43,Recent fliers
259,Zebulon,Dwyr,zdwyr76@deviantart.com,Male,82,Recent fliers
260,Ernesto,Cruce,ecruce77@fda.gov,Male,375,Lapsed Customers
281,Austen,Lamplugh,alamplugh7s@amazon.com,Male,198,Been away a while
283,Joane,Slowcock,jslowcock7u@java.com,Female,132,Taking a break
284,Almira,Lownes,alownes7v@about.com,Female,131,Taking a break
288,Jermaine,Vasilchikov,jvasilchikov7z@cbslocal.com,Male,63,Recent fliers
291,Abey,Cristofol,acristofol82@networksolutions.com,Male,349,Lapsed Customers
307,Melly,Altoft,maltoft8i@naver.com,Female,346,Lapsed Customers
314,Lorens,Quincey,lquincey8p@vistaprint.com,Male,128,Taking a break
318,Ferdinande,Brammall,fbrammall8t@altervista.org,Female,320,Lapsed Customers
320,Samuele,Cromett,scromett8v@icq.com,Male,240,Been away a while
321,Averil,Burchett,aburchett8w@webeden.co.uk,Male,374,Lapsed Customers
325,Bud,Dorling,bdorling90@ibm.com,Male,354,Lapsed Customers
333,Mair,Manley,mmanley98@nymag.com,Agender,116,Taking a break
339,Torry,Long,tlong9e@delicious.com,Male,229,Been away a while
341,Bern,Bickerdicke,bbickerdicke9g@booking.com,Male,97,Taking a break
342,Barbabra,Slyme,bslyme9h@twitpic.com,Female,59,Recent fliers
344,Enid,Ives,eives9j@senate.gov,Female,165,Taking a break
351,Nedi,Halsted,nhalsted9q@phoca.cz,Female,96,Taking a break
356,Berte,Woffenden,bwoffenden9v@cnbc.com,Female,90,Recent fliers
361,Glynn,Sturgess,gsturgessa0@is.gd,Male,130,Taking a break
366,Catlee,Gusney,cgusneya5@ucoz.com,Female,195,Been away a while
368,Karlotte,Sleit,ksleita7@independent.co.uk,Female,355,Lapsed Customers
371,Jolie,Rodie,jrodieaa@parallels.com,Female,47,Recent fliers
376,Patience,Christer,pchristeraf@wordpress.org,Female,327,Lapsed Customers
390,Karel,Stimpson,kstimpsonat@creativecommons.org,Male,178,Taking a break
392,Eilis,Raithby,eraithbyav@google.com.au,Female,112,Taking a break
398,Ginger,Doodson,gdoodsonb1@godaddy.com,Male,106,Taking a break
402,Janeen,Sinderland,jsinderlandb5@nasa.gov,Female,356,Lapsed Customers
408,Johnna,Skough,jskoughbb@boston.com,Female,42,Recent fliers
421,Matthew,Raddenbury,mraddenburybo@wordpress.org,Male,394,Lapsed Customers
431,Jessy,Fitter,jfitterby@nba.com,Genderfluid,254,Been away a while
437,Cacilia,Heyball,cheyballc4@icq.com,Female,392,Lapsed Customers
439,Saidee,Dilley,sdilleyc6@cnn.com,Female,205,Been away a while
449,Lorena,Siemandl,lsiemandlcg@examiner.com,Female,102,Taking a break
450,William,Skeen,wskeench@arstechnica.com,Male,244,Been away a while
454,Emilia,Elflain,eelflaincl@google.ca,Non-binary,76,Recent fliers
463,Moreen,Meriott,mmeriottcu@prweb.com,Female,128,Taking a break
464,Retha,Ridgedell,rridgedellcv@springer.com,Female,183,Been away a while
471,Quill,Eatock,qeatockd2@hubpages.com,Male,354,Lapsed Customers
481,Clio,Elia,celiadc@vimeo.com,Female,341,Lapsed Customers
483,Maximo,Youd,myoudde@ca.gov,Male,112,Taking a break
495,Allan,Mulhall,amulhalldq@fc2.com,Male,329,Lapsed Customers
520,Trip,Farny,tfarnyef@ow.ly,Male,109,Taking a break
565,Deidre,Autin,dautinfo@nyu.edu,Female,105,Taking a break
569,Chick,Mahomet,cmahometfs@jugem.jp,Male,319,Lapsed Customers
574,Martynne,Eltringham,meltringhamfx@people.com.cn,Female,143,Taking a break
579,Harwell,Osbiston,hosbistong2@skype.com,Agender,344,Lapsed Customers
580,Dani,Pleace,dpleaceg3@hud.gov,Male,378,Lapsed Customers
584,Lyman,Kibble,lkibbleg7@tripod.com,Male,183,Been away a while
585,Ashton,Steels,asteelsg8@weebly.com,Male,33,Recent fliers
606,Luis,Cattrell,lcattrellgt@businessweek.com,Male,123,Taking a break
612,Kincaid,Dykas,kdykasgz@salon.com,Male,296,Lapsed Customers
615,Lanita,Cotty,lcottyh2@ucsd.edu,Female,122,Taking a break
637,Lulita,Paradine,lparadineho@over-blog.com,Female,248,Been away a while
641,Muire,Kilpin,mkilpinhs@tmall.com,Female,297,Lapsed Customers
661,Ettore,Hanford,ehanfordic@indiatimes.com,Male,208,Been away a while
689,Lanie,Passmore,lpassmorej4@marketwatch.com,Female,77,Recent fliers
690,Izzy,Titchmarsh,ititchmarshj5@oaic.gov.au,Male,278,Been away a while
691,Leopold,Cesco,lcescoj6@ycombinator.com,Male,198,Been away a while
695,Francyne,Owens,fowensja@tamu.edu,Female,105,Taking a break
698,Zsazsa,Waggatt,zwaggattjd@omniture.com,Female,392,Lapsed Customers
705,Wallache,Lared,wlaredjk@imageshack.us,Male,120,Taking a break
710,Hurleigh,Arboine,harboinejp@theglobeandmail.com,Non-binary,202,Been away a while
711,Alden,De Normanville,adenormanvillejq@guardian.co.uk,Bigender,165,Taking a break
716,Rayshell,Keeley,rkeeleyjv@dailymotion.com,Female,195,Been away a while
718,Leshia,Culley,lculleyjx@addtoany.com,Female,178,Taking a break
724,Billi,Cleiment,bcleimentk3@cdc.gov,Female,265,Been away a while
746,Jackie,Loble,jloblekp@answers.com,Female,131,Taking a break
747,Kaitlynn,Fewings,kfewingskq@imageshack.us,Female,257,Been away a while
750,Lizette,Janusz,ljanuszkt@amazon.co.jp,Female,123,Taking a break
767,Nissa,Saur,nsaurla@e-recht24.de,Female,358,Lapsed Customers
777,Lonnie,Lent,llentlk@meetup.com,Male,371,Lapsed Customers
798,Davon,Girardi,dgirardim5@businessweek.com,Male,117,Taking a break
801,Redd,Adlam,radlamm8@google.ru,Male,383,Lapsed Customers
803,Winny,Archbutt,warchbuttma@skype.com,Male,122,Taking a break
819,Loren,Kalberer,lkalberermq@ed.gov,Male,170,Taking a break
824,Cedric,Gaber,cgabermv@yahoo.co.jp,Male,231,Been away a while
825,Courtenay,Thacke,cthackemw@tinypic.com,Female,84,Recent fliers
831,Natalina,Alphonso,nalphonson2@discovery.com,Female,42,Recent fliers
834,Ivonne,Corradi,icorradin5@t-online.de,Female,143,Taking a break
838,Brook,Hallock,bhallockn9@mozilla.com,Female,215,Been away a while
853,Lion,Lydden,llyddenno@squarespace.com,Male,306,Lapsed Customers
858,Miguelita,McTrustam,mmctrustamnt@netvibes.com,Female,334,Lapsed Customers
890,Alex,Coleman,acolemanop@edublogs.org,Female,191,Been away a while
893,Trumann,Matieu,tmatieuos@exblog.jp,Male,168,Taking a break
894,Lezlie,Callendar,lcallendarot@washingtonpost.com,Female,171,Taking a break
914,Sibylla,Regina,sreginapd@wikispaces.com,Female,365,Lapsed Customers
921,Georg,McVane,gmcvanepk@businessinsider.com,Male,160,Taking a break
935,Pennie,Francescone,pfrancesconepy@mtv.com,Male,226,Been away a while
946,Joeann,Dulton,jdultonq9@huffingtonpost.com,Female,70,Recent fliers
947,Bay,Fitzackerley,bfitzackerleyqa@stanford.edu,Male,139,Taking a break
955,Harriett,Tomankiewicz,htomankiewiczqi@loc.gov,Female,48,Recent fliers
959,Breanne,Feeley,bfeeleyqm@wiley.com,Female,92,Taking a break
979,Peyton,Greenwood,pgreenwoodr6@woothemes.com,Male,35,Recent fliers
983,Lavina,Martinec,lmartinecra@tumblr.com,Female,316,Lapsed Customers
995,Estele,Leverett,eleverettrm@cnet.com,Female,149,Taking a break
1000,Beaufort,McCormick,bmccormickrr@cafepress.com,Genderqueer,100,Taking a break
1001,Alonzo,Crum,acrum0@illinois.edu,Male,125,Taking a break
1003,Odilia,Sirl,osirl2@t-online.de,Polygender,209,Been away a while
1004,Norean,Moulin,nmoulin3@barnesandnoble.com,Bigender,279,Been away a while
1012,Van,Preuvost,vpreuvostb@psu.edu,Male,265,Been away a while
1018,Garald,Stute,gstuteh@weebly.com,Male,166,Taking a break
1025,Travers,Tyson,ttysono@ycombinator.com,Male,120,Taking a break
1030,Pennie,De Bruyn,pdebruynt@artisteer.com,Female,174,Taking a break
1034,Bernhard,Parsons,bparsonsx@studiopress.com,Male,184,Been away a while
1040,Candie,Huddlestone,chuddlestone13@comsenz.com,Female,105,Taking a break
1043,Biddie,Nunnery,bnunnery16@cornell.edu,Female,323,Lapsed Customers
1045,Nessi,Chazelas,nchazelas18@123-reg.co.uk,Female,89,Recent fliers
1048,Truman,Johnigan,tjohnigan1b@wunderground.com,Male,345,Lapsed Customers
1064,Natalee,Iddy,niddy1r@sphinn.com,Female,251,Been away a while
1065,Lindsy,Wilmot,lwilmot1s@trellian.com,Female,282,Lapsed Customers
1074,Reagan,Bawle,rbawle21@hubpages.com,Bigender,339,Lapsed Customers
1083,Kalila,Goosey,kgoosey2a@smh.com.au,Female,306,Lapsed Customers
1087,Donavon,Merrick,dmerrick2e@alexa.com,Male,373,Lapsed Customers
1090,Arv,Lyvon,alyvon2h@github.com,Male,357,Lapsed Customers
1096,Myrilla,Glackin,mglackin2n@artisteer.com,Female,97,Taking a break
1097,Alysa,Burkett,aburkett2o@go.com,Female,213,Been away a while
1106,Egbert,Lett,elett2x@i2i.jp,Male,305,Lapsed Customers
1131,Rozina,Mowne,rmowne3m@patch.com,Female,56,Recent fliers
1139,Marylynne,Pudding,mpudding3u@wiley.com,Female,92,Taking a break
1140,Ilka,Heinig,iheinig3v@friendfeed.com,Female,148,Taking a break
1141,Michelina,Repper,mrepper3w@weibo.com,Female,135,Taking a break
1142,Willie,Brocklebank,wbrocklebank3x@washington.edu,Female,191,Been away a while
1147,Werner,Bummfrey,wbummfrey42@xinhuanet.com,Male,226,Been away a while
1150,Melania,Bilson,mbilson45@scientificamerican.com,Bigender,45,Recent fliers
1153,Rodge,Dale,rdale48@earthlink.net,Male,50,Recent fliers
1156,Dickie,Mullins,dmullins4b@google.com.au,Male,266,Been away a while
1185,Torrie,Bygraves,tbygraves54@jalbum.net,Female,245,Been away a while
1198,Packston,Brezlaw,pbrezlaw5h@youku.com,Male,248,Been away a while
1208,Rolf,Wild,rwild5r@dell.com,Agender,370,Lapsed Customers
1216,Horst,Ash,hash5z@odnoklassniki.ru,Bigender,107,Taking a break
1222,Elenore,Lacey,elacey65@example.com,Female,204,Been away a while
1235,Isidore,Goodbody,igoodbody6i@booking.com,Agender,259,Been away a while
1265,Madlin,Brodley,mbrodley7c@ca.gov,Female,319,Lapsed Customers
1268,Bink,Esel,besel7f@time.com,Male,239,Been away a while
1270,Silvester,Pourveer,spourveer7h@indiatimes.com,Male,370,Lapsed Customers
1277,Gradey,Couroy,gcouroy7o@mashable.com,Male,229,Been away a while
1281,Udale,Hatterslay,uhatterslay7s@tuttocitta.it,Male,68,Recent fliers
1284,Neron,Lamblin,nlamblin7v@senate.gov,Male,391,Lapsed Customers
1286,Cary,Heap,cheap7x@mit.edu,Female,332,Lapsed Customers
1294,Amye,Narducci,anarducci85@state.gov,Female,295,Lapsed Customers
1307,Konstantine,Marquese,kmarquese8i@a8.net,Male,174,Taking a break
1308,Lizabeth,Benedite,lbenedite8j@linkedin.com,Female,236,Been away a while
1311,Irvine,Rudge,irudge8m@furl.net,Male,31,Recent fliers
1316,Bonnee,Chaudron,bchaudron8r@amazon.co.uk,Female,165,Taking a break
1323,Teddy,Le Provest,tleprovest8y@kickstarter.com,Female,174,Taking a break
1328,Lionel,Kynge,lkynge93@illinois.edu,Male,250,Been away a while
1330,Rasla,Eckhard,reckhard95@craigslist.org,Polygender,31,Recent fliers
1337,Myrah,Tandy,mtandy9c@elegantthemes.com,Female,348,Lapsed Customers
1350,Laina,Bassett,lbassett9p@cnet.com,Female,99,Taking a break
1365,Nicholas,Hunnywell,nhunnywella4@buzzfeed.com,Male,45,Recent fliers
1370,Ari,Fawssett,afawssetta9@un.org,Male,305,Lapsed Customers
1377,Ase,Crickmer,acrickmerag@gmpg.org,Polygender,127,Taking a break
1378,Felicdad,Wilder,fwilderah@epa.gov,Female,276,Been away a while
1401,Catherina,Eseler,ceselerb4@histats.com,Female,252,Been away a while
1404,Hesther,Beech,hbeechb7@earthlink.net,Female,311,Lapsed Customers
1405,Bonita,Betty,bbettyb8@biglobe.ne.jp,Female,318,Lapsed Customers
1409,Paten,Gallelli,pgallellibc@facebook.com,Male,358,Lapsed Customers
1410,Jilly,Dingate,jdingatebd@360.cn,Female,119,Taking a break
1416,Mervin,Hellings,mhellingsbj@topsy.com,Male,238,Been away a while
1423,Eugenio,Barmadier,ebarmadierbq@usa.gov,Genderfluid,123,Taking a break
1433,Tonnie,Simeon,tsimeonc0@mtv.com,Male,246,Been away a while
1444,Madalyn,Poile,mpoilecb@reverbnation.com,Female,102,Taking a break
1447,Caresse,Saltsberg,csaltsbergce@patch.com,Female,343,Lapsed Customers
1455,Sharon,Conibere,sconiberecm@jigsy.com,Female,154,Taking a break
1459,Monroe,Laker,mlakercq@wufoo.com,Male,155,Taking a break
1462,Stephan,Chaffen,schaffenct@unesco.org,Male,180,Taking a break
1463,Nelly,Lee,nleecu@canalblog.com,Female,323,Lapsed Customers
1472,Humfrid,Coutthart,hcoutthartd3@barnesandnoble.com,Male,306,Lapsed Customers
1478,Charla,Arnholz,carnholzd9@ezinearticles.com,Female,356,Lapsed Customers
1482,Iain,Graal,igraaldd@photobucket.com,Male,276,Been away a while
1487,Heindrick,Simond,hsimonddi@ftc.gov,Male,85,Recent fliers
1488,Rockey,Janisson,rjanissondj@tripadvisor.com,Male,141,Taking a break
1490,Ad,Hardistry,ahardistrydl@artisteer.com,Male,113,Taking a break
1498,Estell,Whitlam,ewhitlamdt@admin.ch,Female,161,Taking a break
1500,Fredric,Yurkov,fyurkovdv@sun.com,Male,233,Been away a while
1513,Theo,Raddin,traddine8@goo.ne.jp,Male,370,Lapsed Customers
1520,Nola,Gatward,ngatwardef@unc.edu,Female,285,Lapsed Customers
1525,Cullan,Doak,cdoakek@jimdo.com,Male,38,Recent fliers
1526,Georg,Megarrell,gmegarrellel@opera.com,Male,106,Taking a break
1527,Elisa,Kelson,ekelsonem@upenn.edu,Female,283,Lapsed Customers
1530,Irvin,Sculley,isculleyep@intel.com,Bigender,146,Taking a break
1538,Stormie,Brosch,sbroschex@harvard.edu,Female,197,Been away a while
1542,Marcellus,Joule,mjoulef1@hao123.com,Male,196,Been away a while
1547,Quentin,Ewence,qewencef6@comsenz.com,Female,133,Taking a break
1569,Fernandina,Pantecost,fpantecostfs@tmall.com,Female,37,Recent fliers
1572,Rinaldo,Poller,rpollerfv@facebook.com,Male,91,Taking a break
1573,Siana,Fullilove,sfullilovefw@marketwatch.com,Female,384,Lapsed Customers
1577,Gualterio,Sims,gsimsg0@acquirethisname.com,Male,301,Lapsed Customers
1580,Horten,Tolworthy,htolworthyg3@about.me,Male,171,Taking a break
1590,Benjy,Posnette,bposnettegd@mediafire.com,Male,202,Been away a while
1593,Clevey,Yateman,cyatemangg@nationalgeographic.com,Male,214,Been away a while
1600,Alexio,Keir,akeirgn@w3.org,Male,264,Been away a while
1612,Eva,McBayne,emcbaynegz@engadget.com,Female,279,Been away a while
1626,Katee,Prydie,kprydiehd@webs.com,Female,353,Lapsed Customers
1634,Esma,Hasslocher,ehasslocherhl@addtoany.com,Female,76,Recent fliers
1638,Haze,Rominov,hrominovhp@ft.com,Male,64,Recent fliers
1642,Frannie,Silbersak,fsilbersakht@vistaprint.com,Agender,167,Taking a break
1645,Madelyn,Kasting,mkastinghw@unblog.fr,Female,31,Recent fliers
1649,Issiah,Sheldrake,isheldrakei0@wsj.com,Bigender,162,Taking a break
1678,Albrecht,Brightey,abrighteyit@hubpages.com,Male,269,Been away a while
1688,Bliss,Hastwall,bhastwallj3@twitpic.com,Female,131,Taking a break
1690,Deedee,Franey,dfraneyj5@mtv.com,Genderqueer,163,Taking a break
1693,Karlee,Greer,kgreerj8@ucla.edu,Female,345,Lapsed Customers
1698,Vito,Kliemchen,vkliemchenjd@unicef.org,Male,280,Been away a while
1721,Otis,Pedron,opedronk0@ebay.co.uk,Male,93,Taking a break
1729,Chrotoem,Evanson,cevansonk8@admin.ch,Male,352,Lapsed Customers
1735,Lindon,Haveline,lhavelineke@psu.edu,Male,258,Been away a while
1773,Pearle,Scothern,pscothernlg@army.mil,Female,165,Taking a break
1778,Theodoric,Waudby,twaudbyll@slideshare.net,Male,297,Lapsed Customers
1784,Gabriele,Tossell,gtosselllr@toplist.cz,Male,77,Recent fliers
1810,Levey,Tonsley,ltonsleymh@e-recht24.de,Male,205,Been away a while
1816,Bennie,Stothert,bstothertmn@patch.com,Male,328,Lapsed Customers
1822,Christoph,Cardall,ccardallmt@symantec.com,Male,177,Taking a break
1835,Gretta,Barbara,gbarbaran6@cbslocal.com,Female,127,Taking a break
1867,Brent,Sousa,bsousao2@usa.gov,Male,164,Taking a break
1871,Vonni,Eberdt,veberdto6@psu.edu,Female,118,Taking a break
1881,Ollie,Roggerone,oroggeroneog@networksolutions.com,Female,233,Been away a while
1900,Salome,Lippini,slippinioz@independent.co.uk,Female,328,Lapsed Customers
1901,Guillema,Loache,gloachep0@archive.org,Female,387,Lapsed Customers
1904,Trixi,Belfit,tbelfitp3@omniture.com,Female,81,Recent fliers
1906,Justine,Shakspeare,jshakspearep5@icq.com,Non-binary,311,Lapsed Customers
1909,Mollee,Borrett,mborrettp8@cdbaby.com,Female,242,Been away a while
1915,Antonia,Hardistry,ahardistrype@elpais.com,Female,178,Taking a break
1918,Cindie,Gabala,cgabalaph@homestead.com,Female,182,Been away a while
1919,Easter,Skeeles,eskeelespi@soup.io,Female,279,Been away a while
1942,Vernon,Jurzyk,vjurzykq5@sogou.com,Male,50,Recent fliers
1945,Row,Iacovides,riacovidesq8@addtoany.com,Female,191,Been away a while
1949,Berny,Rapsey,brapseyqc@vistaprint.com,Male,123,Taking a break
1955,Kitti,Dudley,kdudleyqi@nhs.uk,Female,212,Been away a while
1972,Moyra,Seak,mseakqz@ted.com,Agender,96,Taking a break
1982,Justino,Cortnay,jcortnayr9@samsung.com,Male,208,Been away a while
2005,Rozina,Cavaney,rcavaney4@prweb.com,Non-binary,74,Recent fliers
2006,Faustine,Giorgeschi,fgiorgeschi5@cnet.com,Female,81,Recent fliers
2008,Lovell,Burchmore,lburchmore7@cafepress.com,Male,377,Lapsed Customers
2011,Merrill,Digg,mdigga@phpbb.com,Female,155,Taking a break
2027,Minette,Loyd,mloydq@nih.gov,Female,205,Been away a while
2031,Goddart,Squibe,gsquibeu@unc.edu,Male,281,Lapsed Customers
2050,Bret,Strangman,bstrangman1d@sbwire.com,Polygender,373,Lapsed Customers
2057,Godiva,Allone,gallone1k@mac.com,Female,152,Taking a break
2068,Elston,Gorce,egorce1v@joomla.org,Male,176,Taking a break
2080,Norina,Djokic,ndjokic27@cbc.ca,Agender,171,Taking a break
2098,Jillene,Andresser,jandresser2p@diigo.com,Female,273,Been away a while
2100,Erwin,Sibray,esibray2r@reddit.com,Male,204,Been away a while
2107,Bartlet,Haddon,bhaddon2y@prnewswire.com,Genderqueer,82,Recent fliers
2110,Janeczka,Pierrepont,jpierrepont31@forbes.com,Female,240,Been away a while
2112,Consolata,Ravenhill,cravenhill33@seattletimes.com,Bigender,308,Lapsed Customers
2120,Sergent,Mahoney,smahoney3b@fema.gov,Male,261,Been away a while
2122,Jerad,Akram,jakram3d@rambler.ru,Male,333,Lapsed Customers
2134,Pyotr,Seifenmacher,pseifenmacher3p@eepurl.com,Male,137,Taking a break
2145,Hilario,Pilmer,hpilmer40@linkedin.com,Male,316,Lapsed Customers
2150,Arvy,Hodges,ahodges45@bizjournals.com,Male,227,Been away a while
2168,Desdemona,Westerman,dwesterman4n@npr.org,Female,387,Lapsed Customers
2177,Kailey,Mazillius,kmazillius4w@phoca.cz,Female,157,Taking a break
2185,Alaric,Tether,atether54@baidu.com,Genderfluid,140,Taking a break
2196,Filide,Cottesford,fcottesford5f@utexas.edu,Female,253,Been away a while
2205,Lena,Brandham,lbrandham5o@kickstarter.com,Genderqueer,169,Taking a break
2220,Matteo,Bown,mbown63@china.com.cn,Male,72,Recent fliers
2221,Piggy,Wahncke,pwahncke64@mapy.cz,Male,394,Lapsed Customers
2237,Lou,Leaf,lleaf6k@simplemachines.org,Non-binary,241,Been away a while
2241,Lammond,Sawell,lsawell6o@hibu.com,Male,248,Been away a while
2243,Norris,Lakeland,nlakeland6q@ask.com,Male,230,Been away a while
2250,Haleigh,Hamor,hhamor6x@jugem.jp,Male,163,Taking a break
2254,Amandi,Scollan,ascollan71@wiley.com,Female,88,Recent fliers
2257,Shanon,Standidge,sstandidge74@examiner.com,Female,197,Been away a while
2275,Weylin,Tyrrell,wtyrrell7m@nifty.com,Male,358,Lapsed Customers
2282,Juanita,Seamans,jseamans7t@behance.net,Female,379,Lapsed Customers
2287,Jaquith,Galiero,jgaliero7y@phpbb.com,Female,51,Recent fliers
2289,Rubin,MacBean,rmacbean80@addtoany.com,Male,109,Taking a break
2290,Aurthur,Mullan,amullan81@squarespace.com,Male,349,Lapsed Customers
2292,Bradan,Kures,bkures83@wikia.com,Male,109,Taking a break
2315,Krissie,Wimbury,kwimbury8q@baidu.com,Female,284,Lapsed Customers
2338,Andrea,Bryan,abryan9d@multiply.com,Male,94,Taking a break
2342,Lorri,Junes,ljunes9h@noaa.gov,Polygender,356,Lapsed Customers
2364,Judy,Lineker,jlinekera3@theguardian.com,Female,180,Taking a break
2366,Nataline,Loft,nlofta5@github.io,Female,381,Lapsed Customers
2385,Marci,Cavet,mcavetao@time.com,Female,261,Been away a while
2395,Kennie,Scamel,kscamelay@indiatimes.com,Male,304,Lapsed Customers
2403,Maggy,Cuzen,mcuzenb6@canalblog.com,Polygender,348,Lapsed Customers
2418,Nanci,Keuning,nkeuningbl@china.com.cn,Female,370,Lapsed Customers
2425,Weylin,Escoffrey,wescoffreybs@123-reg.co.uk,Male,101,Taking a break
2427,Wanda,Tuffrey,wtuffreybu@51.la,Female,311,Lapsed Customers
2439,Chrysler,Kaemena,ckaemenac6@icq.com,Female,308,Lapsed Customers
2440,Calida,Keaves,ckeavesc7@samsung.com,Female,110,Taking a break
2441,Darcee,Padilla,dpadillac8@surveymonkey.com,Female,190,Been away a while
2445,Ikey,Ick,iickcc@sogou.com,Male,85,Recent fliers
2456,Constancy,Dursley,cdursleycn@cdc.gov,Genderqueer,217,Been away a while
2473,Joseph,Storre,jstorred4@vimeo.com,Male,138,Taking a break
2475,Bonny,Willerstone,bwillerstoned6@live.com,Female,180,Taking a break
2488,Millisent,Heigl,mheigldj@springer.com,Female,192,Been away a while
2489,Gloriane,Fogel,gfogeldk@upenn.edu,Female,390,Lapsed Customers
2494,Cam,Owbridge,cowbridgedp@dailymotion.com,Bigender,36,Recent fliers
2496,Seth,Hodgon,shodgondr@odnoklassniki.ru,Male,226,Been away a while
2536,Fidel,Eliyahu,feliyahuev@freewebs.com,Male,138,Taking a break
2537,Tiffy,Blonden,tblondenew@alibaba.com,Female,270,Been away a while
2541,Renato,Lambird,rlambirdf0@globo.com,Male,31,Recent fliers
2562,Gerry,Bugdale,gbugdalefl@sciencedaily.com,Male,241,Been away a while
2594,Frederigo,Shucksmith,fshucksmithgh@independent.co.uk,Male,45,Recent fliers
2597,Selestina,Paulley,spaulleygk@weebly.com,Female,99,Taking a break
2636,Killie,McGaffey,kmcgaffeyhn@phpbb.com,Polygender,329,Lapsed Customers
2652,Marijo,Saddleton,msaddletoni3@rakuten.co.jp,Female,111,Taking a break
2671,Torrence,Walkingshaw,twalkingshawim@usatoday.com,Male,154,Taking a break
2680,Danica,Kristoffersson,dkristofferssoniv@hhs.gov,Genderfluid,274,Been away a while
2688,Horst,Hannent,hhannentj3@geocities.jp,Non-binary,302,Lapsed Customers
2699,Rancell,McAteer,rmcateerje@smugmug.com,Male,170,Taking a break
2700,Deeann,Dilliway,ddilliwayjf@google.ru,Female,197,Been away a while
2702,Brendin,Lunny,blunnyjh@squarespace.com,Male,73,Recent fliers
2705,Colman,Sculpher,csculpherjk@csmonitor.com,Male,150,Taking a break
2711,Cully,Fredy,cfredyjq@typepad.com,Non-binary,256,Been away a while
2715,Lola,Jayne,ljayneju@istockphoto.com,Female,107,Taking a break
2734,Noach,Seymer,nseymerkd@biglobe.ne.jp,Male,264,Been away a while
2740,Harwilll,Wheelton,hwheeltonkj@wordpress.com,Genderqueer,98,Taking a break
2747,Rutledge,Krinks,rkrinkskq@dmoz.org,Male,97,Taking a break
2751,Jobye,Koles,jkolesku@multiply.com,Female,41,Recent fliers
2753,Lowell,Gipp,lgippkw@posterous.com,Male,165,Taking a break
2778,Quintana,Mager,qmagerll@google.fr,Female,364,Lapsed Customers
2782,Marielle,Sandells,msandellslp@nydailynews.com,Female,334,Lapsed Customers
2785,Misty,Drillingcourt,mdrillingcourtls@ihg.com,Female,271,Been away a while
2793,Westley,Dwight,wdwightm0@homestead.com,Male,327,Lapsed Customers
2804,Vikki,Bariball,vbariballmb@sogou.com,Female,69,Recent fliers
2812,Jaquith,Dand,jdandmj@meetup.com,Female,217,Been away a while
2817,Mattie,Call,mcallmo@washingtonpost.com,Female,305,Lapsed Customers
2825,Octavia,Crosfeld,ocrosfeldmw@state.tx.us,Female,243,Been away a while
2827,Haley,Falkinder,hfalkindermy@prnewswire.com,Male,180,Taking a break
2829,Minne,Freezer,mfreezern0@earthlink.net,Female,293,Lapsed Customers
2840,Tobey,Giriardelli,tgiriardellinb@seattletimes.com,Female,61,Recent fliers
2852,Ravid,Torrese,rtorresenn@wp.com,Genderfluid,288,Lapsed Customers
2856,Christophe,Tomaini,ctomaininr@dyndns.org,Male,199,Been away a while
2862,Brendon,Berntssen,bberntssennx@paginegialle.it,Male,369,Lapsed Customers
2894,Keven,Danielut,kdanielutot@google.nl,Male,115,Taking a break
2902,Norri,Gillan,ngillanp1@a8.net,Female,115,Taking a break
2909,Donnie,Wrathall,dwrathallp8@tmall.com,Female,381,Lapsed Customers
2912,Curtice,Fallow,cfallowpb@php.net,Male,111,Taking a break
2926,Killie,Varty,kvartypp@wiley.com,Male,279,Been away a while
2930,Carlin,Paviour,cpaviourpt@edublogs.org,Female,161,Taking a break
2970,Thorny,Vince,tvinceqx@guardian.co.uk,Male,187,Been away a while
2974,Benedicto,Lared,blaredr1@biglobe.ne.jp,Male,97,Taking a break
2982,Dale,Orys,dorysr9@netvibes.com,Female,133,Taking a break
2986,Karina,Mularkey,kmularkeyrd@nps.gov,Genderqueer,35,Recent fliers
2992,Pepillo,Mablestone,pmablestonerj@cocolog-nifty.com,Male,189,Been away a while
3001,Nisse,Halpine,nhalpine0@gnu.org,Female,385,Lapsed Customers
3002,Jordan,Sawney,jsawney1@google.pl,Male,121,Taking a break
3006,Boniface,Braundt,bbraundt5@lycos.com,Male,104,Taking a break
3010,Giacobo,Hadgkiss,ghadgkiss9@simplemachines.org,Male,241,Been away a while
3011,Thelma,Duckham,tduckhama@imgur.com,Bigender,43,Recent fliers
3019,Broddie,Greenshiels,bgreenshielsi@microsoft.com,Male,91,Taking a break
3034,Lavina,Cordingly,lcordinglyx@ocn.ne.jp,Female,307,Lapsed Customers
3035,Rikki,Orth,rorthy@baidu.com,Female,393,Lapsed Customers
3062,Alisa,McCaskill,amccaskill1p@reuters.com,Female,316,Lapsed Customers
3068,Fee,Konmann,fkonmann1v@technorati.com,Male,131,Taking a break
3078,Adelle,Beggan,abeggan25@gov.uk,Female,353,Lapsed Customers
3089,Benjamen,Canelas,bcanelas2g@ucoz.com,Male,126,Taking a break
3094,Dominique,Robson,drobson2l@list-manage.com,Female,90,Recent fliers
3097,Tandie,Aleksidze,taleksidze2o@upenn.edu,Female,160,Taking a break
3104,Peadar,Swepson,pswepson2v@ameblo.jp,Male,142,Taking a break
3105,Justinian,Durtnal,jdurtnal2w@google.com,Male,197,Been away a while
3106,Hilary,McGarrity,hmcgarrity2x@boston.com,Female,339,Lapsed Customers
3107,Vassili,Kleinsmuntz,vkleinsmuntz2y@google.es,Male,86,Recent fliers
3115,Tammi,Milborn,tmilborn36@addthis.com,Female,36,Recent fliers
3123,Tirrell,Colleford,tcolleford3e@ehow.com,Polygender,54,Recent fliers
3126,Leoline,Trott,ltrott3h@go.com,Female,254,Been away a while
3132,Toddy,Pellett,tpellett3n@elegantthemes.com,Male,276,Been away a while
3143,Paddy,Hillborne,phillborne3y@naver.com,Male,169,Taking a break
3146,Huntington,Girdwood,hgirdwood41@bloglines.com,Male,286,Lapsed Customers
3149,Emelen,Skehan,eskehan44@spotify.com,Male,256,Been away a while
3151,Onofredo,Von Welden,ovonwelden46@shinystat.com,Male,36,Recent fliers
3152,Tabb,Pennetti,tpennetti47@flavors.me,Male,245,Been away a while
3156,Jarrid,Wrangle,jwrangle4b@mysql.com,Male,289,Lapsed Customers
3157,Myca,Sugarman,msugarman4c@dagondesign.com,Male,272,Been away a while
3158,Kalindi,Schirach,kschirach4d@google.co.uk,Female,322,Lapsed Customers
3160,Calli,Syme,csyme4f@moonfruit.com,Female,69,Recent fliers
3163,Carter,Crinkley,ccrinkley4i@marketwatch.com,Male,291,Lapsed Customers
3165,Elisha,Tripney,etripney4k@1und1.de,Polygender,245,Been away a while
3173,Winnah,Valek,wvalek4s@vinaora.com,Agender,393,Lapsed Customers
3177,Ermina,Cavill,ecavill4w@ucoz.ru,Female,304,Lapsed Customers
3198,Jdavie,Barukh,jbarukh5h@reddit.com,Male,245,Been away a while
3209,Lauri,Verdy,lverdy5s@biblegateway.com,Female,194,Been away a while
3210,Adelle,Freestone,afreestone5t@wordpress.org,Female,250,Been away a while
3212,Tresa,Skitteral,tskitteral5v@berkeley.edu,Genderfluid,104,Taking a break
3221,Rhetta,Gresch,rgresch64@techcrunch.com,Female,385,Lapsed Customers
3233,Odetta,Rawstron,orawstron6g@phoca.cz,Female,148,Taking a break
3246,Austin,Terrington,aterrington6t@1688.com,Female,137,Taking a break
3247,Emmit,Marques,emarques6u@wsj.com,Male,135,Taking a break
3253,Ode,Tollerton,otollerton70@twitpic.com,Agender,287,Lapsed Customers
3254,Marthe,Pymer,mpymer71@geocities.jp,Female,221,Been away a while
3255,Jeanie,Davidowsky,jdavidowsky72@redcross.org,Female,341,Lapsed Customers
3287,Dana,Faulks,dfaulks7y@cargocollective.com,Agender,61,Recent fliers
3288,Lynette,Gloyens,lgloyens7z@blogspot.com,Female,155,Taking a break
3291,Ava,Hampson,ahampson82@foxnews.com,Female,142,Taking a break
3302,Melisent,Koppelmann,mkoppelmann8d@slideshare.net,Female,199,Been away a while
3306,Davy,Szymanek,dszymanek8h@networkadvertising.org,Male,313,Lapsed Customers
3308,Constantino,Delmage,cdelmage8j@weather.com,Male,59,Recent fliers
3313,Gerhard,Nelthrop,gnelthrop8o@blogger.com,Male,394,Lapsed Customers
3318,Alonzo,Leake,aleake8t@goo.ne.jp,Male,138,Taking a break
3319,Dom,Patman,dpatman8u@facebook.com,Male,333,Lapsed Customers
3321,Parrnell,Gatus,pgatus8w@goodreads.com,Male,63,Recent fliers
3327,Hayden,Cawley,hcawley92@cisco.com,Male,384,Lapsed Customers
3330,Raffaello,Boshell,rboshell95@amazon.com,Male,192,Been away a while
3354,Sunny,Haggata,shaggata9t@globo.com,Female,232,Been away a while
3382,Marthe,Tapenden,mtapendenal@bbb.org,Female,304,Lapsed Customers
3388,Ludwig,Hillen,lhillenar@intel.com,Male,194,Been away a while
3402,Elmore,Resun,eresunb5@diigo.com,Male,97,Taking a break
3403,Fan,Goullee,fgoulleeb6@boston.com,Female,255,Been away a while
3404,Joyann,Topham,jtophamb7@foxnews.com,Female,172,Taking a break
3409,Celestyn,Theyer,ctheyerbc@cbsnews.com,Female,302,Lapsed Customers
3448,Gilles,Kitter,gkittercf@ihg.com,Male,184,Been away a while
3461,Dacie,Breach,dbreachcs@odnoklassniki.ru,Polygender,124,Taking a break
3465,Giffer,Davenhall,gdavenhallcw@hostgator.com,Male,220,Been away a while
3467,Salmon,Glendinning,sglendinningcy@barnesandnoble.com,Agender,107,Taking a break
3473,Tamara,Snel,tsneld4@omniture.com,Female,361,Lapsed Customers
3477,Tracey,Frosch,tfroschd8@etsy.com,Agender,127,Taking a break
3479,Tomas,Reap,treapda@unicef.org,Male,236,Been away a while
3506,Madlin,Shimwell,mshimwelle1@paypal.com,Female,42,Recent fliers
3507,Myriam,Whitley,mwhitleye2@vkontakte.ru,Polygender,218,Been away a while
3508,Aurelie,Faltskog,afaltskoge3@merriam-webster.com,Female,149,Taking a break
3513,Artair,Sackur,asackure8@ted.com,Male,79,Recent fliers
3515,Carlyn,Fearnehough,cfearnehoughea@wordpress.org,Female,113,Taking a break
3518,Danella,Vallentin,dvallentined@army.mil,Bigender,172,Taking a break
3519,Fan,Joao,fjoaoee@netlog.com,Female,145,Taking a break
3520,Millie,Pawlik,mpawlikef@mozilla.org,Female,351,Lapsed Customers
3526,Karine,Moffett,kmoffettel@dropbox.com,Female,119,Taking a break
3528,Yank,Iorizzi,yiorizzien@google.ru,Male,180,Taking a break
3535,Anne,Upston,aupstoneu@scientificamerican.com,Non-binary,166,Taking a break
3547,Nelly,Leving,nlevingf6@go.com,Female,177,Taking a break
3551,Alicea,Scrancher,ascrancherfa@mapy.cz,Female,215,Been away a while
3554,Saunders,Beams,sbeamsfd@bluehost.com,Male,288,Lapsed Customers
3560,Fifine,Brito,fbritofj@nyu.edu,Female,175,Taking a break
3564,Evey,Menlove,emenlovefn@mashable.com,Female,307,Lapsed Customers
3565,Janis,Lorenzetti,jlorenzettifo@dion.ne.jp,Female,156,Taking a break
3574,Giraud,Iacovaccio,giacovacciofx@freewebs.com,Male,344,Lapsed Customers
3578,Aeriell,Houseago,ahouseagog1@hibu.com,Female,135,Taking a break
3579,Cornall,Speenden,cspeendeng2@ow.ly,Male,266,Been away a while
3587,Jammal,Le Sarr,jlesarrga@is.gd,Male,348,Lapsed Customers
3594,Rollie,Readwin,rreadwingh@ocn.ne.jp,Male,286,Lapsed Customers
3598,Umeko,Gerkens,ugerkensgl@house.gov,Female,69,Recent fliers
3604,Lock,Sokale,lsokalegr@youtube.com,Male,34,Recent fliers
3607,Rhianna,Brownbill,rbrownbillgu@unc.edu,Female,119,Taking a break
3610,Whitaker,Ronan,wronangx@google.es,Male,192,Been away a while
3617,Adriana,Whelband,awhelbandh4@thetimes.co.uk,Female,287,Lapsed Customers
3618,Marsiella,Dailly,mdaillyh5@discuz.net,Female,151,Taking a break
3626,Lonna,McClurg,lmcclurghd@jigsy.com,Female,93,Taking a break
3646,Dorothy,McGraffin,dmcgraffinhx@oakley.com,Female,103,Taking a break
3652,Marve,Ackeroyd,mackeroydi3@redcross.org,Male,35,Recent fliers
3665,Toni,De Moreno,tdemorenoig@163.com,Female,235,Been away a while
3673,Cathlene,MacAnespie,cmacanespieio@hatena.ne.jp,Female,381,Lapsed Customers
3678,Bette-ann,Steutly,bsteutlyit@epa.gov,Genderfluid,101,Taking a break
3687,Freeland,Bellison,fbellisonj2@buzzfeed.com,Male,261,Been away a while
3704,Anselm,Taleworth,ataleworthjj@newyorker.com,Male,145,Taking a break
3705,Hanny,Innman,hinnmanjk@bizjournals.com,Female,83,Recent fliers
3728,Bonni,Gladtbach,bgladtbachk7@accuweather.com,Female,371,Lapsed Customers
3730,Keeley,Castagnier,kcastagnierk9@ucoz.com,Female,340,Lapsed Customers
3733,Viola,Exell,vexellkc@wp.com,Female,42,Recent fliers
3747,Lyman,Getten,lgettenkq@yolasite.com,Male,335,Lapsed Customers
3755,Kaja,Jaggers,kjaggersky@dion.ne.jp,Female,116,Taking a break
3763,Benjy,Kiddy,bkiddyl6@netvibes.com,Male,301,Lapsed Customers
3772,Paquito,Colthard,pcolthardlf@constantcontact.com,Male,313,Lapsed Customers
3774,Palm,Renon,prenonlh@fema.gov,Male,377,Lapsed Customers
3803,Nicolette,Andriveau,nandriveauma@odnoklassniki.ru,Female,139,Taking a break
3814,Yetty,Horsburgh,yhorsburghml@arstechnica.com,Female,100,Taking a break
3836,Fields,Vampouille,fvampouillen7@cam.ac.uk,Male,349,Lapsed Customers
3837,Yvonne,Hotson,yhotsonn8@mysql.com,Genderfluid,332,Lapsed Customers
3842,Gracia,Bravey,gbraveynd@blinklist.com,Female,125,Taking a break
3844,Iolande,Whiteley,iwhiteleynf@e-recht24.de,Female,278,Been away a while
3854,Mordecai,Rogger,mroggernp@instagram.com,Male,171,Taking a break
3856,Cordy,Cullum,ccullumnr@unicef.org,Male,325,Lapsed Customers
3863,Wynn,Duguid,wduguidny@scribd.com,Polygender,392,Lapsed Customers
3866,Ximenes,Ruffle,xruffleo1@icq.com,Male,374,Lapsed Customers
3869,Barthel,Coale,bcoaleo4@china.com.cn,Agender,354,Lapsed Customers
3871,Etheline,Forestall,eforestallo6@posterous.com,Female,43,Recent fliers
3897,Olympia,Tiffin,otiffinow@ed.gov,Female,115,Taking a break
3901,Herby,Crole,hcrolep0@google.fr,Male,273,Been away a while
3907,Ewan,Blackborow,eblackborowp6@jiathis.com,Male,150,Taking a break
3912,John,Tison,jtisonpb@businessinsider.com,Male,228,Been away a while
3913,Rogerio,Grayham,rgrayhampc@guardian.co.uk,Male,91,Taking a break
3915,Dav,Bendle,dbendlepe@usnews.com,Male,383,Lapsed Customers
3918,Seka,Ferrero,sferreroph@reuters.com,Female,187,Been away a while
3965,Sari,Readshaw,sreadshawqs@squarespace.com,Female,127,Taking a break
3968,Janaye,Bennedick,jbennedickqv@php.net,Female,348,Lapsed Customers
3980,Ruttger,Allgood,rallgoodr7@guardian.co.uk,Male,393,Lapsed Customers
3991,Alena,Sapey,asapeyri@diigo.com,Female,304,Lapsed Customers
4005,Ricky,Canada,rcanada4@facebook.com,Male,292,Lapsed Customers
4018,Elsbeth,Chatto,echattoh@diigo.com,Female,367,Lapsed Customers
4041,Malvina,Gooday,mgooday14@dropbox.com,Female,150,Taking a break
4050,Tadeas,Boase,tboase1d@i2i.jp,Male,341,Lapsed Customers
4051,Adriane,Elland,aelland1e@wired.com,Female,224,Been away a while
4054,Bertha,Deeley,bdeeley1h@guardian.co.uk,Female,226,Been away a while
4091,Linnet,MacKartan,lmackartan2i@netlog.com,Non-binary,335,Lapsed Customers
4103,Porty,Fitzsymons,pfitzsymons2u@weather.com,Male,216,Been away a while
4109,Shamus,Robardet,srobardet30@aol.com,Male,236,Been away a while
4130,North,Phillott,nphillott3l@microsoft.com,Male,80,Recent fliers
4153,Clem,Minchella,cminchella48@nhs.uk,Female,168,Taking a break
4163,Edd,Gawthrop,egawthrop4i@blog.com,Male,258,Been away a while
4164,Penni,Densumbe,pdensumbe4j@examiner.com,Female,36,Recent fliers
4169,Blake,Arlett,barlett4o@sun.com,Male,49,Recent fliers
4177,Wilhelmina,Shearn,wshearn4w@examiner.com,Female,327,Lapsed Customers
4181,Moina,Brook,mbrook50@apple.com,Female,119,Taking a break
4183,Bethany,Baugh,bbaugh52@merriam-webster.com,Female,219,Been away a while
4184,Urson,Sivewright,usivewright53@pbs.org,Male,56,Recent fliers
4195,Philip,Karpman,pkarpman5e@hhs.gov,Male,246,Been away a while
4205,Burl,Ramsbottom,bramsbottom5o@over-blog.com,Male,322,Lapsed Customers
4223,Lodovico,Rew,lrew66@so-net.ne.jp,Male,252,Been away a while
4249,Karine,Zanetto,kzanetto6w@jimdo.com,Female,114,Taking a break
4253,Quintina,Hawkes,qhawkes70@issuu.com,Female,109,Taking a break
4256,Windham,Storrah,wstorrah73@usda.gov,Male,201,Been away a while
4259,Correna,Zumbusch,czumbusch76@java.com,Female,257,Been away a while
4260,Isabella,Gotecliffe,igotecliffe77@csmonitor.com,Female,175,Taking a break
4264,Rivkah,Lugton,rlugton7b@list-manage.com,Female,124,Taking a break
4267,Carling,Kyd,ckyd7e@yellowbook.com,Male,277,Been away a while
4271,Somerset,Littlekit,slittlekit7i@about.me,Male,316,Lapsed Customers
4277,Godfrey,Cartmail,gcartmail7o@infoseek.co.jp,Non-binary,316,Lapsed Customers
4282,Leonanie,Esgate,lesgate7t@ezinearticles.com,Female,46,Recent fliers
4287,Mahalia,Batch,mbatch7y@yahoo.com,Female,66,Recent fliers
4294,Irving,Tewkesbury,itewkesbury85@nba.com,Male,42,Recent fliers
4300,Brandtr,Ridoutt,bridoutt8b@google.ru,Bigender,94,Taking a break
4302,Ransom,Leblanc,rleblanc8d@nsw.gov.au,Male,368,Lapsed Customers
4313,Garfield,Bordone,gbordone8o@themeforest.net,Male,274,Been away a while
4318,Kimble,Halworth,khalworth8t@adobe.com,Male,363,Lapsed Customers
4332,Roman,Van Saltsberg,rvansaltsberg97@ucla.edu,Polygender,149,Taking a break
4334,Jennette,Clemetts,jclemetts99@cisco.com,Female,149,Taking a break
4360,Kurtis,Hubbins,khubbins9z@army.mil,Male,148,Taking a break
4366,Willie,MacIlory,wmacilorya5@noaa.gov,Male,244,Been away a while
4370,Padriac,Draayer,pdraayera9@yahoo.co.jp,Male,241,Been away a while
4375,Shell,Gofford,sgoffordae@storify.com,Male,183,Been away a while
4378,Jason,Ecob,jecobah@ibm.com,Male,376,Lapsed Customers
4385,Roarke,Hickford,rhickfordao@dell.com,Male,326,Lapsed Customers
4390,Adriana,Elliston,aellistonat@livejournal.com,Female,381,Lapsed Customers
4403,Nicol,Blackaby,nblackabyb6@indiegogo.com,Male,155,Taking a break
4405,Darrell,Paulucci,dpauluccib8@wp.com,Male,185,Been away a while
4407,Lucian,McGuire,lmcguireba@jugem.jp,Male,31,Recent fliers
4412,Cinda,Cloutt,cclouttbf@canalblog.com,Female,34,Recent fliers
4413,Mikkel,Pingstone,mpingstonebg@biblegateway.com,Male,36,Recent fliers
4416,Griz,Itzkovich,gitzkovichbj@howstuffworks.com,Male,191,Been away a while
4424,Mickie,Coldtart,mcoldtartbr@alibaba.com,Male,49,Recent fliers
4426,Gauthier,Vassano,gvassanobt@themeforest.net,Male,145,Taking a break
4436,Elita,Shovelin,eshovelinc3@whitehouse.gov,Female,232,Been away a while
4455,Dermot,Sparrowhawk,dsparrowhawkcm@pinterest.com,Male,246,Been away a while
4463,Will,Tebbett,wtebbettcu@github.com,Male,263,Been away a while
4466,Pamella,Bunting,pbuntingcx@yellowpages.com,Female,38,Recent fliers
4467,Ann,Bullingham,abullinghamcy@fc2.com,Female,44,Recent fliers
4471,Caria,Lawlan,clawland2@tiny.cc,Female,34,Recent fliers
4474,Onida,Krolik,okrolikd5@howstuffworks.com,Female,266,Been away a while
4476,Zachariah,Jenik,zjenikd7@apache.org,Male,246,Been away a while
4495,Clarance,Farn,cfarndq@php.net,Male,53,Recent fliers
4499,Christophorus,Talman,ctalmandu@webnode.com,Genderqueer,235,Been away a while
4519,Dannel,Shepley,dshepleyee@europa.eu,Male,332,Lapsed Customers
4533,Brocky,Loxston,bloxstones@elpais.com,Male,200,Been away a while
4543,Katlin,Audas,kaudasf2@bluehost.com,Female,242,Been away a while
4551,Goddart,Adne,gadnefa@flickr.com,Male,71,Recent fliers
4555,Darsie,MacHostie,dmachostiefe@reverbnation.com,Female,218,Been away a while
4557,Marillin,Colbert,mcolbertfg@google.nl,Female,386,Lapsed Customers
4598,Eziechiele,Cessford,ecessfordgl@typepad.com,Genderfluid,164,Taking a break
4602,Marleah,Perelli,mperelligp@ebay.co.uk,Female,324,Lapsed Customers
4606,Tucker,Maw,tmawgt@gnu.org,Male,159,Taking a break
4612,Tamarra,Glavis,tglavisgz@ucoz.ru,Female,212,Been away a while
4623,Bendick,Downes,bdownesha@bizjournals.com,Male,156,Taking a break
4627,Caz,MacGiolla,cmacgiollahe@cafepress.com,Male,99,Taking a break
4632,Dyann,Gino,dginohj@ucoz.ru,Female,152,Taking a break
4633,Celinka,Vasilik,cvasilikhk@ucla.edu,Female,233,Been away a while
4640,Kristien,Shimmans,kshimmanshr@163.com,Female,308,Lapsed Customers
4645,Umberto,Edmeads,uedmeadshw@1688.com,Male,391,Lapsed Customers
4659,Cello,Gabbett,cgabbettia@1688.com,Male,102,Taking a break
4662,Madelyn,Shaefer,mshaeferid@theguardian.com,Female,140,Taking a break
4669,Bren,Setter,bsetterik@trellian.com,Male,121,Taking a break
4671,Cyndia,Claiton,cclaitonim@issuu.com,Female,204,Been away a while
4673,Katalin,Boydle,kboydleio@pcworld.com,Female,117,Taking a break
4676,Cori,Weddeburn,cweddeburnir@spotify.com,Male,305,Lapsed Customers
4680,Marc,Firpi,mfirpiiv@weibo.com,Male,328,Lapsed Customers
4681,Arte,Jagson,ajagsoniw@epa.gov,Male,304,Lapsed Customers
4691,Perkin,Sorey,psoreyj6@jimdo.com,Genderfluid,94,Taking a break
4699,Meryl,Joselevitz,mjoselevitzje@wisc.edu,Female,294,Lapsed Customers
4710,Mauricio,Magauran,mmagauranjp@sohu.com,Male,224,Been away a while
4714,Annaliese,Pinckstone,apinckstonejt@stumbleupon.com,Female,239,Been away a while
4715,Kristel,Shevell,kshevellju@github.io,Female,80,Recent fliers
4720,Simone,Halleday,shalledayjz@paginegialle.it,Female,290,Lapsed Customers
4737,Marvin,Quaife,mquaifekg@discuz.net,Male,68,Recent fliers
4738,Hughie,Simonazzi,hsimonazzikh@ezinearticles.com,Male,156,Taking a break
4748,Ula,Aucoate,uaucoatekr@psu.edu,Female,229,Been away a while
4749,Joeann,Caldeiro,jcaldeiroks@networksolutions.com,Female,119,Taking a break
4760,Dorolisa,Lippini,dlippinil3@walmart.com,Female,72,Recent fliers
4767,Corbett,McGinlay,cmcginlayla@1und1.de,Male,346,Lapsed Customers
4772,Nestor,Mordey,nmordeylf@friendfeed.com,Male,135,Taking a break
4777,Marcelo,Henbury,mhenburylk@exblog.jp,Male,103,Taking a break
4782,Luciano,Dykas,ldykaslp@ameblo.jp,Male,75,Recent fliers
4794,Vernen,Janodet,vjanodetm1@oracle.com,Male,223,Been away a while
4797,Courtney,Swalwell,cswalwellm4@t-online.de,Non-binary,204,Been away a while
4811,Judye,Goodrick,jgoodrickmi@amazonaws.com,Female,87,Recent fliers
4814,Reine,Jacobowicz,rjacobowiczml@bloglovin.com,Female,292,Lapsed Customers
4844,Hastie,Virgin,hvirginnf@harvard.edu,Male,52,Recent fliers
4857,Urson,Stanning,ustanningns@microsoft.com,Male,254,Been away a while
4873,Nye,Court,ncourto8@exblog.jp,Genderfluid,225,Been away a while
4874,Priscilla,Mossom,pmossomo9@sciencedaily.com,Bigender,172,Taking a break
4881,Cathyleen,Matzel,cmatzelog@technorati.com,Female,110,Taking a break
4891,Chloris,Pirie,cpirieoq@house.gov,Female,55,Recent fliers
4899,Shelba,Chaundy,schaundyoy@lycos.com,Agender,160,Taking a break
4918,Yankee,Kilfeather,ykilfeatherph@mail.ru,Male,166,Taking a break
4929,Tyler,Edge,tedgeps@g.co,Male,251,Been away a while
4932,Alfi,Chelam,achelampv@chicagotribune.com,Female,152,Taking a break
4948,Barde,Borleace,bborleaceqb@timesonline.co.uk,Male,97,Taking a break
4949,Klaus,McLardie,kmclardieqc@qq.com,Male,326,Lapsed Customers
4954,Jaime,Dowsing,jdowsingqh@wordpress.com,Male,159,Taking a break
4962,Enrika,Levis,elevisqp@rakuten.co.jp,Female,36,Recent fliers
4974,Coletta,Giabucci,cgiabuccir1@4shared.com,Female,246,Been away a while
4977,Nikos,Hawker,nhawkerr4@about.me,Male,239,Been away a while
4998,Cory,Gerasch,cgeraschrp@harvard.edu,Male,343,Lapsed Customers
5002,Urbain,Swetland,uswetland1@wordpress.org,Male,121,Taking a break
5007,Ophelia,Hannam,ohannam6@washington.edu,Genderfluid,372,Lapsed Customers
5009,Sheridan,Baniard,sbaniard8@ihg.com,Male,65,Recent fliers
5012,Adolpho,Gabler,agablerb@blinklist.com,Male,143,Taking a break
5031,Burty,Stimpson,bstimpsonu@gmpg.org,Non-binary,184,Been away a while
5033,Bel,Hulk,bhulkw@ebay.co.uk,Female,219,Been away a while
5037,Clarine,Wasselin,cwasselin10@e-recht24.de,Female,91,Taking a break
5041,Faith,Ovendon,fovendon14@instagram.com,Female,41,Recent fliers
5050,Trace,Joffe,tjoffe1d@delicious.com,Male,108,Taking a break
5052,Gunther,Minter,gminter1f@yale.edu,Male,377,Lapsed Customers
5058,Uriel,Linnock,ulinnock1l@nifty.com,Male,320,Lapsed Customers
5066,Kylila,Pardew,kpardew1t@google.de,Female,332,Lapsed Customers
5067,Billie,Cabrer,bcabrer1u@digg.com,Female,185,Been away a while
5070,Auroora,Devin,adevin1x@fc2.com,Female,51,Recent fliers
5082,Peadar,Biswell,pbiswell29@shareasale.com,Male,207,Been away a while
5093,Gasparo,Kite,gkite2k@gizmodo.com,Male,350,Lapsed Customers
5101,Emmey,McElrea,emcelrea2s@si.edu,Female,393,Lapsed Customers
5104,Druci,Livingstone,dlivingstone2v@sbwire.com,Genderfluid,317,Lapsed Customers
5105,Adriena,Doodson,adoodson2w@merriam-webster.com,Female,318,Lapsed Customers
5110,Dodie,Elsmore,delsmore31@nydailynews.com,Female,153,Taking a break
5111,Rudyard,Walker,rwalker32@godaddy.com,Male,280,Been away a while
5128,Edlin,Dockrill,edockrill3j@techcrunch.com,Agender,278,Been away a while
5129,Minnnie,Goldston,mgoldston3k@hp.com,Female,217,Been away a while
5130,Cordelie,Petrello,cpetrello3l@jimdo.com,Female,306,Lapsed Customers
5134,Lemmy,Gosneye,lgosneye3p@disqus.com,Male,227,Been away a while
5150,Reilly,Antoons,rantoons45@mashable.com,Male,102,Taking a break
5162,Birch,Clausner,bclausner4h@statcounter.com,Male,55,Recent fliers
5164,Sherye,Younie,syounie4j@arstechnica.com,Polygender,344,Lapsed Customers
5165,Verna,Spelsbury,vspelsbury4k@washington.edu,Female,112,Taking a break
5170,Virgie,Hessing,vhessing4p@yandex.ru,Male,289,Lapsed Customers
5171,Ninette,Didsbury,ndidsbury4q@buzzfeed.com,Female,122,Taking a break
5174,Karia,Rosenfield,krosenfield4t@army.mil,Female,374,Lapsed Customers
5185,Chevy,Bett,cbett54@techcrunch.com,Male,235,Been away a while
5191,Hillie,Booley,hbooley5a@geocities.com,Male,273,Been away a while
5194,Thorin,Robbe,trobbe5d@cnn.com,Male,323,Lapsed Customers
5210,Immanuel,Dennington,idennington5t@google.de,Male,47,Recent fliers
5211,Cymbre,Bacon,cbacon5u@wix.com,Female,38,Recent fliers
5230,Branden,Brikner,bbrikner6d@pcworld.com,Male,290,Lapsed Customers
5247,Joshuah,Batchelder,jbatchelder6u@ca.gov,Male,337,Lapsed Customers
5248,Pat,Delbergue,pdelbergue6v@squidoo.com,Female,347,Lapsed Customers
5261,Addison,Greenly,agreenly78@ycombinator.com,Male,333,Lapsed Customers
5264,Sheryl,Jobb,sjobb7b@marriott.com,Female,324,Lapsed Customers
5297,Angelo,Barthropp,abarthropp88@theguardian.com,Male,143,Taking a break
5307,Orelia,De Michele,odemichele8i@is.gd,Female,64,Recent fliers
5322,Nadya,Salvadore,nsalvadore8x@edublogs.org,Female,107,Taking a break
5323,Wenonah,Archbutt,warchbutt8y@tiny.cc,Polygender,93,Taking a break
5326,Ken,Grestye,kgrestye91@1und1.de,Male,286,Lapsed Customers
5353,Lenore,Jolliffe,ljolliffe9s@123-reg.co.uk,Female,152,Taking a break
5356,Mildred,Griffey,mgriffey9v@businessweek.com,Agender,137,Taking a break
5365,Ode,Bradden,obraddena4@umich.edu,Male,49,Recent fliers
5370,Wylie,Dury,wdurya9@bloomberg.com,Male,290,Lapsed Customers
5376,Melicent,Dunkerley,mdunkerleyaf@fc2.com,Female,153,Taking a break
5378,Brigitte,Bailiss,bbailissah@virginia.edu,Female,359,Lapsed Customers
5389,Micaela,Gowthorpe,mgowthorpeas@opensource.org,Agender,290,Lapsed Customers
5407,Barney,Catonne,bcatonneba@hatena.ne.jp,Male,301,Lapsed Customers
5409,Zaneta,Davern,zdavernbc@topsy.com,Female,73,Recent fliers
5418,Danya,Burthom,dburthombl@hubpages.com,Female,351,Lapsed Customers
5419,Angelina,Struijs,astruijsbm@addthis.com,Female,189,Been away a while
5442,Kalinda,Kytter,kkytterc9@discovery.com,Female,314,Lapsed Customers
5443,Tudor,Shopcott,tshopcottca@weibo.com,Male,220,Been away a while
5451,Velvet,Paskerful,vpaskerfulci@typepad.com,Female,225,Been away a while
5457,Karel,Nordass,knordassco@admin.ch,Male,385,Lapsed Customers
5463,Cornell,Alekseicik,calekseicikcu@washingtonpost.com,Male,345,Lapsed Customers
5475,Cheston,Collingham,ccollinghamd6@deviantart.com,Male,73,Recent fliers
5483,Dora,Anwell,danwellde@marriott.com,Female,297,Lapsed Customers
5504,Robinette,Dinnis,rdinnisdz@hubpages.com,Female,279,Been away a while
5535,Sydel,Pallent,spallenteu@goo.ne.jp,Female,48,Recent fliers
5548,Grier,Smeed,gsmeedf7@paypal.com,Female,133,Taking a break
5549,Reece,Tuison,rtuisonf8@discuz.net,Male,272,Been away a while
5551,Brnaba,Brightling,bbrightlingfa@va.gov,Male,135,Taking a break
5560,Pam,Kayley,pkayleyfj@theguardian.com,Genderfluid,265,Been away a while
5562,Cozmo,Panchin,cpanchinfl@zdnet.com,Male,224,Been away a while
5566,Leah,Imloch,limlochfp@un.org,Female,214,Been away a while
5575,Ford,Deniset,fdenisetfy@blogs.com,Male,367,Lapsed Customers
5578,Shell,Ren,sreng1@europa.eu,Male,384,Lapsed Customers
5585,Osbourn,Eggleson,oegglesong8@lulu.com,Male,393,Lapsed Customers
5599,Clarey,Carcas,ccarcasgm@twitpic.com,Female,367,Lapsed Customers
5603,Annelise,Flag,aflaggq@forbes.com,Female,277,Been away a while
5604,Kliment,Graysmark,kgraysmarkgr@usda.gov,Male,386,Lapsed Customers
5619,Juliette,Imm,jimmh6@un.org,Female,78,Recent fliers
5620,Davidson,Denizet,ddenizeth7@virginia.edu,Male,325,Lapsed Customers
5631,Gladi,Payler,gpaylerhi@diigo.com,Female,210,Been away a while
5633,Marne,De Gowe,mdegowehk@xrea.com,Female,189,Been away a while
5646,Sonja,Gerant,sgeranthx@alibaba.com,Female,281,Lapsed Customers
5648,Nellie,Steels,nsteelshz@blogspot.com,Female,375,Lapsed Customers
5649,Peder,Bolin,pbolini0@nature.com,Male,182,Been away a while
5654,Remington,Tineman,rtinemani5@dailymail.co.uk,Male,134,Taking a break
5691,Spenser,Diben,sdibenj6@princeton.edu,Male,364,Lapsed Customers
5693,Culver,Kleinschmidt,ckleinschmidtj8@europa.eu,Male,94,Taking a break
5695,Normie,Clewett,nclewettja@tumblr.com,Male,98,Taking a break
5713,Yance,McCromley,ymccromleyjs@sciencedirect.com,Male,321,Lapsed Customers
5714,Annadiane,Luxford,aluxfordjt@wikipedia.org,Female,138,Taking a break
5717,Rudolfo,Presdie,rpresdiejw@cmu.edu,Male,144,Taking a break
5722,Freddie,Loder,floderk1@gnu.org,Male,267,Been away a while
5733,Artie,Scottrell,ascottrellkc@list-manage.com,Male,251,Been away a while
5740,Fletcher,Wordley,fwordleykj@google.ru,Male,183,Been away a while
5742,Aaren,Droogan,adroogankl@aol.com,Female,342,Lapsed Customers
5774,Merci,Castletine,mcastletinelh@tiny.cc,Female,71,Recent fliers
5775,Dare,Kleinholz,dkleinholzli@hao123.com,Male,162,Taking a break
5776,Imojean,Ganderton,igandertonlj@sciencedaily.com,Female,248,Been away a while
5778,Hamid,Englefield,henglefieldll@yandex.ru,Male,45,Recent fliers
5806,Weylin,Eblein,webleinmd@cbsnews.com,Male,335,Lapsed Customers
5807,Erl,Nassie,enassieme@omniture.com,Male,284,Lapsed Customers
5825,Gerri,Haville,ghavillemw@histats.com,Male,224,Been away a while
5838,Dulci,Prys,dprysn9@livejournal.com,Female,144,Taking a break
5847,Balduin,Winman,bwinmanni@g.co,Male,341,Lapsed Customers
5851,Darline,Olensby,dolensbynm@cocolog-nifty.com,Female,85,Recent fliers
5852,Dacy,Pallent,dpallentnn@altervista.org,Female,282,Lapsed Customers
5863,Cassi,Ivie,civieny@amazon.de,Female,232,Been away a while
5864,Thorny,Jurgenson,tjurgensonnz@time.com,Male,51,Recent fliers
5872,Adham,Fibbings,afibbingso7@multiply.com,Male,73,Recent fliers
5875,Bink,Portwain,bportwainoa@feedburner.com,Male,227,Been away a while
5876,Godart,Muldownie,gmuldownieob@php.net,Male,185,Been away a while
5879,Vania,Berdale,vberdaleoe@google.com.br,Female,105,Taking a break
5884,Guenevere,Swaite,gswaiteoj@java.com,Female,383,Lapsed Customers
5891,Ingar,Pavyer,ipavyeroq@reference.com,Male,156,Taking a break
5898,Ortensia,Obispo,oobispoox@jalbum.net,Genderfluid,89,Recent fliers
5911,Tammara,Bumpas,tbumpaspa@gov.uk,Bigender,280,Been away a while
5920,Salem,Scarrisbrick,sscarrisbrickpj@1688.com,Male,212,Been away a while
5931,Alidia,Tree,atreepu@scribd.com,Female,61,Recent fliers
5937,Vilhelmina,Gilling,vgillingq0@ox.ac.uk,Female,55,Recent fliers
5968,Gerda,Rittmeier,grittmeierqv@chron.com,Female,187,Been away a while
5969,Colette,Joskowicz,cjoskowiczqw@nasa.gov,Non-binary,155,Taking a break
5974,Jemmie,Macguire,jmacguirer1@rambler.ru,Female,394,Lapsed Customers
5977,Zerk,Ceschi,zceschir4@alexa.com,Male,357,Lapsed Customers
5985,Wylma,Haggarty,whaggartyrc@shutterfly.com,Female,343,Lapsed Customers
5988,Katrina,Casin,kcasinrf@wunderground.com,Female,221,Been away a while
6008,Aundrea,Pudsall,apudsall7@ezinearticles.com,Female,240,Been away a while
6014,Katharina,Cumbridge,kcumbridged@hp.com,Female,287,Lapsed Customers
6038,Anita,Goodship,agoodship11@squidoo.com,Polygender,171,Taking a break
6040,Melisa,Espadater,mespadater13@cam.ac.uk,Female,77,Recent fliers
6067,Ugo,Medgwick,umedgwick1u@mysql.com,Male,356,Lapsed Customers
6075,Gal,Hargroves,ghargroves22@oaic.gov.au,Male,394,Lapsed Customers
6080,Minor,Barkess,mbarkess27@hugedomains.com,Male,238,Been away a while
6082,Far,Duchenne,fduchenne29@fotki.com,Male,322,Lapsed Customers
6084,Teressa,Daventry,tdaventry2b@ning.com,Female,327,Lapsed Customers
6098,Chase,Speeding,cspeeding2p@photobucket.com,Male,85,Recent fliers
6119,Cecilio,Kenny,ckenny3a@ning.com,Male,329,Lapsed Customers
6122,Markus,Plumb,mplumb3d@xing.com,Male,305,Lapsed Customers
6127,Davida,McVeighty,dmcveighty3i@timesonline.co.uk,Female,39,Recent fliers
6130,Northrop,Burgess,nburgess3l@cbc.ca,Male,193,Been away a while
6138,Rebekkah,Crippes,rcrippes3t@tamu.edu,Female,335,Lapsed Customers
6139,Dominga,Kment,dkment3u@wikispaces.com,Non-binary,228,Been away a while
6144,Car,Dufour,cdufour3z@jimdo.com,Male,195,Been away a while
6148,Ivor,Florio,iflorio43@samsung.com,Male,172,Taking a break
6150,Raphael,Skene,rskene45@tamu.edu,Male,149,Taking a break
6157,Ardine,Umbert,aumbert4c@newsvine.com,Female,306,Lapsed Customers
6160,Baldwin,Minmagh,bminmagh4f@vinaora.com,Male,221,Been away a while
6161,Arvie,Henke,ahenke4g@archive.org,Male,127,Taking a break
6165,Wilmer,Gilleson,wgilleson4k@oracle.com,Male,240,Been away a while
6176,Oliver,Romanin,oromanin4v@hexun.com,Male,174,Taking a break
6184,Gui,Slimme,gslimme53@storify.com,Female,64,Recent fliers
6191,Zarla,Cuxson,zcuxson5a@state.tx.us,Female,266,Been away a while
6192,Anderson,Medcalf,amedcalf5b@economist.com,Male,229,Been away a while
6198,Elaine,Crannis,ecrannis5h@howstuffworks.com,Female,286,Lapsed Customers
6206,Harcourt,Byne,hbyne5p@cbsnews.com,Male,96,Taking a break
6217,Dale,Nickoles,dnickoles60@uol.com.br,Female,341,Lapsed Customers
6241,Lea,Stoker,lstoker6o@macromedia.com,Female,74,Recent fliers
6243,Anders,Pittman,apittman6q@plala.or.jp,Male,293,Lapsed Customers
6245,Odelinda,Malenfant,omalenfant6s@buzzfeed.com,Non-binary,75,Recent fliers
6248,Rafaello,Hardan,rhardan6v@flavors.me,Male,129,Taking a break
6256,Jazmin,Worboy,jworboy73@4shared.com,Female,66,Recent fliers
6281,Khalil,MacLeod,kmacleod7s@miibeian.gov.cn,Male,99,Taking a break
6288,Lynnelle,Bolf,lbolf7z@nasa.gov,Female,381,Lapsed Customers
6307,Jordanna,Wilds,jwilds8i@hao123.com,Genderqueer,383,Lapsed Customers
6314,Carver,Bagger,cbagger8p@discovery.com,Male,129,Taking a break
6324,Donalt,Chaffyn,dchaffyn8z@lulu.com,Male,69,Recent fliers
6338,Berton,Webburn,bwebburn9d@sbwire.com,Male,333,Lapsed Customers
6366,Cleavland,Aizikovitz,caizikovitza5@weebly.com,Male,81,Recent fliers
6372,Doreen,Combe,dcombeab@sourceforge.net,Female,147,Taking a break
6380,Ody,Wayvill,owayvillaj@psu.edu,Male,75,Recent fliers
6383,Odella,Brittle,obrittleam@latimes.com,Female,133,Taking a break
6401,Gram,McShea,gmcsheab4@google.ca,Male,140,Taking a break
6403,Jdavie,Blaine,jblaineb6@utexas.edu,Male,110,Taking a break
6409,Elliott,Pulster,epulsterbc@jiathis.com,Male,155,Taking a break
6415,Pattie,Latham,plathambi@sfgate.com,Male,249,Been away a while
6419,Arlinda,Wimbridge,awimbridgebm@csmonitor.com,Female,59,Recent fliers
6420,Wye,Garmans,wgarmansbn@vimeo.com,Male,226,Been away a while
6425,Pernell,Balassi,pbalassibs@acquirethisname.com,Male,121,Taking a break
6437,Skipp,Sessions,ssessionsc4@e-recht24.de,Male,72,Recent fliers
6447,Burke,Matteacci,bmatteaccice@163.com,Male,57,Recent fliers
6449,Bobbie,Bellison,bbellisoncg@rediff.com,Non-binary,37,Recent fliers
6453,Rozele,Scholtis,rscholtisck@w3.org,Female,325,Lapsed Customers
6461,Hedvige,Guinn,hguinncs@skype.com,Female,49,Recent fliers
6463,Matt,Wardlow,mwardlowcu@elpais.com,Male,136,Taking a break
6465,Maitilde,Gaskal,mgaskalcw@apache.org,Female,46,Recent fliers
6473,Thayne,Goodee,tgoodeed4@aboutads.info,Male,257,Been away a while
6480,Mason,Jarry,mjarrydb@livejournal.com,Male,262,Been away a while
6482,Reid,Ovitz,rovitzdd@ucoz.ru,Male,76,Recent fliers
6486,Harv,Fryer,hfryerdh@mail.ru,Male,357,Lapsed Customers
6510,Grace,Coote,gcootee5@microsoft.com,Male,262,Been away a while
6511,Teodorico,Jellicorse,tjellicorsee6@booking.com,Male,281,Lapsed Customers
6522,Collete,Burrett,cburretteh@yelp.com,Female,106,Taking a break
6526,Ashbey,Childerley,achilderleyel@51.la,Male,354,Lapsed Customers
6529,Brendis,Ludwig,bludwigeo@tamu.edu,Male,138,Taking a break
6546,Amalle,Lenthall,alenthallf5@chronoengine.com,Female,145,Taking a break
6560,Emelyne,Treacher,etreacherfj@google.co.jp,Female,349,Lapsed Customers
6565,Ceciley,Skea,cskeafo@woothemes.com,Non-binary,305,Lapsed Customers
6573,Thorpe,Dawidowsky,tdawidowskyfw@people.com.cn,Polygender,244,Been away a while
6593,Candy,Allsworth,callsworthgg@bloglines.com,Female,203,Been away a while
6594,Eulalie,Forth,eforthgh@de.vu,Bigender,305,Lapsed Customers
6600,Hyacintha,Sans,hsansgn@soundcloud.com,Female,34,Recent fliers
6603,Cobby,Eastlake,ceastlakegq@alexa.com,Male,248,Been away a while
6604,Karole,Abramowitz,kabramowitzgr@yolasite.com,Female,280,Been away a while
6632,Doe,Kyncl,dkynclhj@columbia.edu,Female,379,Lapsed Customers
6634,Cos,O'Garmen,cogarmenhl@webnode.com,Male,100,Taking a break
6635,Brian,Ionesco,bionescohm@paginegialle.it,Male,343,Lapsed Customers
6636,Bendix,Braganza,bbraganzahn@jiathis.com,Male,214,Been away a while
6642,Theobald,Hillaby,thillabyht@buzzfeed.com,Male,358,Lapsed Customers
6654,Ulrika,Kittless,ukittlessi5@sitemeter.com,Female,143,Taking a break
6656,Wilhelm,Castelain,wcastelaini7@google.co.jp,Male,350,Lapsed Customers
6660,Francois,Issatt,fissattib@ning.com,Non-binary,37,Recent fliers
6670,Ronny,O'Lehane,rolehaneil@marketwatch.com,Genderqueer,142,Taking a break
6683,Annabela,Millar,amillariy@theglobeandmail.com,Female,264,Been away a while
6703,Worthington,MacGahey,wmacgaheyji@cocolog-nifty.com,Male,311,Lapsed Customers
6707,Wadsworth,Lideard,wlideardjm@bigcartel.com,Male,137,Taking a break
6714,Isaac,Cubbit,icubbitjt@stanford.edu,Male,338,Lapsed Customers
6732,Noe,Scrimgeour,nscrimgeourkb@vk.com,Male,192,Been away a while
6733,Nan,Kohler,nkohlerkc@barnesandnoble.com,Female,83,Recent fliers
6745,Doloritas,Roubay,droubayko@washingtonpost.com,Female,38,Recent fliers
6754,Ladonna,Croome,lcroomekx@facebook.com,Female,319,Lapsed Customers
6755,Roshelle,Huertas,rhuertasky@economist.com,Female,221,Been away a while
6756,Nathaniel,Braunlein,nbraunleinkz@hc360.com,Male,36,Recent fliers
6760,Tris,McElvine,tmcelvinel3@tamu.edu,Male,337,Lapsed Customers
6763,Mead,Quilty,mquiltyl6@dedecms.com,Male,370,Lapsed Customers
6789,Issiah,Grigoire,igrigoirelw@istockphoto.com,Male,66,Recent fliers
6791,Lenee,Dawton,ldawtonly@ifeng.com,Female,141,Taking a break
6814,Abey,Han,ahanml@wiley.com,Male,256,Been away a while
6826,Lusa,Dawtrey,ldawtreymx@nyu.edu,Female,84,Recent fliers
6841,Britt,McClaughlin,bmcclaughlinnc@economist.com,Female,345,Lapsed Customers
6844,Hervey,Challinor,hchallinornf@google.com.au,Male,371,Lapsed Customers
6849,Hildagarde,Lauritsen,hlauritsennk@boston.com,Non-binary,307,Lapsed Customers
6852,Flem,Stains,fstainsnn@unicef.org,Bigender,99,Taking a break
6869,Rusty,Bewly,rbewlyo4@dyndns.org,Male,177,Taking a break
6872,Christabella,Josilevich,cjosilevicho7@networkadvertising.org,Female,32,Recent fliers
6876,Sarene,Blase,sblaseob@fc2.com,Genderfluid,287,Lapsed Customers
6891,Krystalle,Fleet,kfleetoq@hugedomains.com,Female,278,Been away a while
6898,Mommy,Batterham,mbatterhamox@tripadvisor.com,Female,236,Been away a while
6904,Ollie,McKeady,omckeadyp3@howstuffworks.com,Polygender,182,Been away a while
6906,Dennie,O'Grada,dogradap5@sphinn.com,Female,305,Lapsed Customers
6909,Janeen,Keyte,jkeytep8@cdbaby.com,Female,334,Lapsed Customers
6911,Hendrik,Cavie,hcaviepa@skyrock.com,Male,322,Lapsed Customers
6930,Alberik,McClymont,amcclymontpt@stumbleupon.com,Male,347,Lapsed Customers
6942,Donia,Pickerell,dpickerellq5@japanpost.jp,Female,87,Recent fliers
6945,Valaree,Jekyll,vjekyllq8@amazon.co.jp,Female,102,Taking a break
6953,Krysta,Matusiak,kmatusiakqg@cisco.com,Female,281,Lapsed Customers
6955,Catherin,Surman,csurmanqi@amazon.co.jp,Female,287,Lapsed Customers
6960,Gael,Kleyn,gkleynqn@sun.com,Male,314,Lapsed Customers
6964,Hadlee,Forrestall,hforrestallqr@dropbox.com,Agender,164,Taking a break
6980,Woodie,Rowell,wrowellr7@vimeo.com,Genderfluid,348,Lapsed Customers
7004,Waldon,Sidnall,wsidnall3@cam.ac.uk,Male,78,Recent fliers
7007,Avictor,Le Barre,alebarre6@ibm.com,Male,352,Lapsed Customers
7018,Immanuel,Dumberrill,idumberrillh@google.nl,Polygender,132,Taking a break
7050,Karol,Stuttman,kstuttman1d@nasa.gov,Female,270,Been away a while
7053,Terrye,Wolfer,twolfer1g@constantcontact.com,Female,385,Lapsed Customers
7059,Janetta,Thurner,jthurner1m@shareasale.com,Female,199,Been away a while
7074,Pearce,Dimelow,pdimelow21@trellian.com,Male,32,Recent fliers
7079,Gizela,Lavallin,glavallin26@istockphoto.com,Female,44,Recent fliers
7082,Susi,Collyns,scollyns29@sciencedirect.com,Female,140,Taking a break
7085,Kara,Knoble,kknoble2c@baidu.com,Female,123,Taking a break
7087,Katerine,Plampin,kplampin2e@blogs.com,Agender,162,Taking a break
7103,Arnie,Roumier,aroumier2u@about.me,Male,65,Recent fliers
7113,Sharleen,Thornham,sthornham34@multiply.com,Female,117,Taking a break
7153,Frances,Pevreal,fpevreal48@seattletimes.com,Female,326,Lapsed Customers
7155,Electra,Hilland,ehilland4a@etsy.com,Female,86,Recent fliers
7170,Tobie,Kornacki,tkornacki4p@youtube.com,Male,375,Lapsed Customers
7178,Ettore,Lillgard,elillgard4x@myspace.com,Male,342,Lapsed Customers
7181,Auberon,Fowles,afowles50@studiopress.com,Male,304,Lapsed Customers
7192,Myca,Tirrell,mtirrell5b@sitemeter.com,Male,182,Been away a while
7195,Zaccaria,Poynzer,zpoynzer5e@plala.or.jp,Male,169,Taking a break
7197,Yurik,Upham,yupham5g@slate.com,Male,71,Recent fliers
7225,Freeland,Inchbald,finchbald68@wp.com,Agender,300,Lapsed Customers
7227,Harriett,Mearns,hmearns6a@walmart.com,Female,53,Recent fliers
7229,Gianna,Benedicto,gbenedicto6c@cocolog-nifty.com,Female,379,Lapsed Customers
7236,Nowell,Trussman,ntrussman6j@liveinternet.ru,Male,42,Recent fliers
7237,Inez,Sharvill,isharvill6k@microsoft.com,Female,225,Been away a while
7242,Morgan,Salterne,msalterne6p@hostgator.com,Female,365,Lapsed Customers
7245,Sal,Clutten,sclutten6s@unicef.org,Male,205,Been away a while
7249,Hermia,Laurie,hlaurie6w@wunderground.com,Female,67,Recent fliers
7252,Nicolas,Hurlin,nhurlin6z@phpbb.com,Male,199,Been away a while
7280,Barnard,Guyon,bguyon7r@forbes.com,Male,114,Taking a break
7282,Beverie,Dorton,bdorton7t@wordpress.com,Female,277,Been away a while
7283,Beitris,Charnock,bcharnock7u@cnbc.com,Female,32,Recent fliers
7287,Jobie,Olesen,jolesen7y@weather.com,Female,136,Taking a break
7305,Eduard,Liddall,eliddall8g@xrea.com,Male,309,Lapsed Customers
7345,Malissia,Tolemache,mtolemache9k@xrea.com,Female,311,Lapsed Customers
7353,Dennie,Plom,dplom9s@1688.com,Male,255,Been away a while
7354,Aurthur,Roe,aroe9t@discuz.net,Genderfluid,235,Been away a while
7355,Maude,Simeoli,msimeoli9u@java.com,Non-binary,273,Been away a while
7358,Ivette,Glassopp,iglassopp9x@webmd.com,Female,373,Lapsed Customers
7361,Fionnula,Sheere,fsheerea0@elpais.com,Genderfluid,232,Been away a while
7374,Jonie,Caselick,jcaselickad@cisco.com,Female,290,Lapsed Customers
7393,Thibaut,Hollows,thollowsaw@sohu.com,Male,129,Taking a break
7396,Davin,Grist,dgristaz@dyndns.org,Male,66,Recent fliers
7399,Tanhya,Caesmans,tcaesmansb2@imageshack.us,Agender,269,Been away a while
7400,Prisca,Frears,pfrearsb3@freewebs.com,Female,360,Lapsed Customers
7420,Vanya,Howship,vhowshipbn@bluehost.com,Female,247,Been away a while
7425,Nicolis,Gorsse,ngorssebs@tinypic.com,Male,376,Lapsed Customers
7431,Alfons,Lilleycrop,alilleycropby@yelp.com,Male,318,Lapsed Customers
7454,Anestassia,Ralfe,aralfecl@weebly.com,Female,51,Recent fliers
7464,Wildon,Oertzen,woertzencv@tmall.com,Male,291,Lapsed Customers
7468,Hermione,Greenaway,hgreenawaycz@dedecms.com,Female,115,Taking a break
7472,Marni,Aireton,mairetond3@about.com,Female,346,Lapsed Customers
7479,Ailene,Vasilenko,avasilenkoda@admin.ch,Female,378,Lapsed Customers
7480,Waite,Thorne,wthornedb@psu.edu,Male,78,Recent fliers
7487,Moria,Revington,mrevingtondi@mlb.com,Female,173,Taking a break
7495,Sanson,Coldbreath,scoldbreathdq@elpais.com,Male,320,Lapsed Customers
7499,Bobbe,Hurnell,bhurnelldu@rediff.com,Female,293,Lapsed Customers
7508,Lucy,Deehan,ldeehane3@chron.com,Female,50,Recent fliers
7510,Brok,Fabri,bfabrie5@woothemes.com,Male,63,Recent fliers
7523,Pate,Daniell,pdaniellei@state.gov,Male,141,Taking a break
7525,Merill,Stuckow,mstuckowek@unblog.fr,Male,330,Lapsed Customers
7527,Sigfried,Mackinder,smackinderem@bizjournals.com,Male,214,Been away a while
7534,Drake,Rigge,driggeet@xinhuanet.com,Genderqueer,188,Been away a while
7535,Godfrey,Have,ghaveeu@illinois.edu,Male,97,Taking a break
7555,Kristien,Abrahamian,kabrahamianfe@wikipedia.org,Female,306,Lapsed Customers
7559,Kerwin,Heeps,kheepsfi@studiopress.com,Male,212,Been away a while
7563,Sarah,Gellan,sgellanfm@auda.org.au,Female,115,Taking a break
7591,Christy,Ciric,cciricge@wisc.edu,Female,296,Lapsed Customers
7592,Frants,McMonnies,fmcmonniesgf@mapy.cz,Male,363,Lapsed Customers
7597,Dayna,Aucott,daucottgk@fotki.com,Female,45,Recent fliers
7600,Sheree,Bowes,sbowesgn@unicef.org,Female,388,Lapsed Customers
7618,Kati,Hepher,khepherh5@reuters.com,Female,56,Recent fliers
7624,Janeva,Leckenby,jleckenbyhb@dedecms.com,Female,213,Been away a while
7634,Chaim,Ivashinnikov,civashinnikovhl@independent.co.uk,Male,270,Been away a while
7635,Jarred,Balme,jbalmehm@unesco.org,Male,129,Taking a break
7638,Billie,Redhead,bredheadhp@reddit.com,Female,261,Been away a while
7643,Matilde,Ive,mivehu@va.gov,Female,237,Been away a while
7646,Fifine,Noirel,fnoirelhx@reddit.com,Polygender,269,Been away a while
7647,Stafford,Hadaway,shadawayhy@tumblr.com,Male,88,Recent fliers
7651,Edgard,Towhey,etowheyi2@slashdot.org,Male,290,Lapsed Customers
7652,Edgard,Spaldin,espaldini3@diigo.com,Male,43,Recent fliers
7654,Drud,Redsull,dredsulli5@elegantthemes.com,Male,215,Been away a while
7664,Cristen,Rucklesse,crucklesseif@ustream.tv,Female,330,Lapsed Customers
7666,Ardys,Coursor,acoursorih@unc.edu,Female,356,Lapsed Customers
7678,Kerrie,Sircomb,ksircombit@dedecms.com,Bigender,130,Taking a break
7684,Graham,Keirle,gkeirleiz@si.edu,Male,58,Recent fliers
7689,Dori,Balazs,dbalazsj4@wiley.com,Female,277,Been away a while
7709,Dionne,Pendall,dpendalljo@seattletimes.com,Female,389,Lapsed Customers
7721,Jami,Hamson,jhamsonk0@netvibes.com,Genderqueer,65,Recent fliers
7730,Hazel,Woodroof,hwoodroofk9@amazonaws.com,Female,185,Been away a while
7754,Lucien,Slevin,lslevinkx@123-reg.co.uk,Male,76,Recent fliers
7756,Gail,Antoniazzi,gantoniazzikz@wikispaces.com,Male,62,Recent fliers
7764,Yorker,Boshers,yboshersl7@who.int,Male,64,Recent fliers
7765,Emmie,Bewicke,ebewickel8@google.de,Female,224,Been away a while
7766,Izzy,Vass,ivassl9@thetimes.co.uk,Male,145,Taking a break
7767,Effie,Jansky,ejanskyla@skype.com,Female,98,Taking a break
7778,Gustie,Andrzej,gandrzejll@aboutads.info,Female,266,Been away a while
7792,Jule,Ludlem,jludlemlz@mozilla.org,Male,108,Taking a break
7793,Norton,Winthrop,nwinthropm0@amazon.com,Male,378,Lapsed Customers
7794,Munmro,Rowan,mrowanm1@huffingtonpost.com,Male,90,Recent fliers
7802,Wadsworth,MacMorland,wmacmorlandm9@netlog.com,Male,327,Lapsed Customers
7809,Clara,Proffer,cproffermg@mapy.cz,Female,217,Been away a while
7821,Con,De Cristofalo,cdecristofaloms@163.com,Male,205,Been away a while
7830,Melitta,Ost,mostn1@springer.com,Female,100,Taking a break
7831,Stanwood,Beverstock,sbeverstockn2@sourceforge.net,Male,79,Recent fliers
7834,Cloe,Allenby,callenbyn5@hhs.gov,Female,169,Taking a break
7835,Perry,Castelletto,pcastelletton6@archive.org,Agender,58,Recent fliers
7844,Cole,Ellerman,cellermannf@marketwatch.com,Male,104,Taking a break
7848,Claire,Dimbleby,cdimblebynj@blinklist.com,Male,128,Taking a break
7851,Desmund,Northam,dnorthamnm@prweb.com,Male,279,Been away a while
7857,Judith,Siveyer,jsiveyerns@example.com,Female,84,Recent fliers
7864,Carleen,Dobbins,cdobbinsnz@fastcompany.com,Female,345,Lapsed Customers
7872,Bradley,Checklin,bchecklino7@comsenz.com,Male,90,Recent fliers
7886,Prentiss,Cowen,pcowenol@mail.ru,Male,82,Recent fliers
7893,Doralin,Lowers,dlowersos@ameblo.jp,Female,119,Taking a break
7904,Rosalyn,Fairham,rfairhamp3@photobucket.com,Female,34,Recent fliers
7909,Bent,Smeeton,bsmeetonp8@nps.gov,Male,167,Taking a break
7919,Hal,Vanderplas,hvanderplaspi@ow.ly,Male,184,Been away a while
7946,Fleurette,Duiguid,fduiguidq9@posterous.com,Female,200,Been away a while
7948,Christal,Brokenshire,cbrokenshireqb@berkeley.edu,Female,314,Lapsed Customers
7955,Steffi,Miroy,smiroyqi@springer.com,Genderfluid,34,Recent fliers
7965,Diarmid,Woodlands,dwoodlandsqs@amazon.co.jp,Male,154,Taking a break
7977,Chelsae,Novill,cnovillr4@php.net,Female,264,Been away a while
7993,Wynne,O'Dennehy,wodennehyrk@miitbeian.gov.cn,Female,110,Taking a break
7997,Sammy,Ligertwood,sligertwoodro@google.de,Female,357,Lapsed Customers
8005,Baron,Antonsen,bantonsen4@sun.com,Male,54,Recent fliers
8007,Maxie,Deaville,mdeaville6@plala.or.jp,Male,115,Taking a break
8013,Marje,Hannum,mhannumc@google.nl,Female,202,Been away a while
8014,Clemmie,Appleton,cappletond@latimes.com,Male,160,Taking a break
8017,Brigitta,Sidebottom,bsidebottomg@istockphoto.com,Female,103,Taking a break
8020,Brooks,Mainwaring,bmainwaringj@google.nl,Male,390,Lapsed Customers
8027,Yul,Sans,ysansq@redcross.org,Male,47,Recent fliers
8056,Cacilie,Batecok,cbatecok1j@wp.com,Female,163,Taking a break
8059,Lorna,Nassie,lnassie1m@theguardian.com,Female,133,Taking a break
8068,Mil,Maciejewski,mmaciejewski1v@washingtonpost.com,Female,142,Taking a break
8081,Adey,Hallex,ahallex28@bluehost.com,Female,161,Taking a break
8083,Drucie,Storrar,dstorrar2a@vinaora.com,Female,265,Been away a while
8086,Lanie,Bikker,lbikker2d@mysql.com,Female,261,Been away a while
8088,Sibyl,Imlaw,simlaw2f@oracle.com,Male,143,Taking a break
8102,Natalya,Deere,ndeere2t@narod.ru,Female,210,Been away a while
8109,Krishna,Parade,kparade30@tumblr.com,Male,186,Been away a while
8111,Jess,Fassum,jfassum32@istockphoto.com,Male,338,Lapsed Customers
8127,Vittoria,Gayden,vgayden3i@blogspot.com,Female,166,Taking a break
8132,Lucien,Lambin,llambin3n@g.co,Male,160,Taking a break
8133,Montgomery,Petyanin,mpetyanin3o@pen.io,Male,291,Lapsed Customers
8142,Torin,Pamment,tpamment3x@nature.com,Male,374,Lapsed Customers
8145,Verla,Shore,vshore40@webs.com,Female,304,Lapsed Customers
8155,Aubrie,Drust,adrust4a@printfriendly.com,Female,103,Taking a break
8158,Ericka,Srutton,esrutton4d@nps.gov,Female,92,Taking a break
8159,Zorana,Barter,zbarter4e@cnbc.com,Female,51,Recent fliers
8160,Bondy,Goreway,bgoreway4f@msn.com,Male,244,Been away a while
8166,Leighton,Ourtic,lourtic4l@lycos.com,Male,330,Lapsed Customers
8168,Mavra,Dormon,mdormon4n@oakley.com,Female,177,Taking a break
8180,Eugine,Jahner,ejahner4z@theglobeandmail.com,Female,176,Taking a break
8192,Philip,Kemitt,pkemitt5b@hatena.ne.jp,Male,235,Been away a while
8216,Demott,Moiser,dmoiser5z@dagondesign.com,Male,376,Lapsed Customers
8239,Maxim,Prator,mprator6m@trellian.com,Male,358,Lapsed Customers
8251,Fina,McPeake,fmcpeake6y@mit.edu,Female,276,Been away a while
8258,Cele,Mussington,cmussington75@state.gov,Female,198,Been away a while
8263,Winston,Kulas,wkulas7a@naver.com,Male,223,Been away a while
8264,Nilson,Hexam,nhexam7b@nytimes.com,Male,166,Taking a break
8281,Joellyn,Hexham,jhexham7s@mozilla.org,Female,92,Taking a break
8288,Kelcie,Staden,kstaden7z@usa.gov,Female,379,Lapsed Customers
8293,Lanae,Daltry,ldaltry84@mit.edu,Female,247,Been away a while
8296,Janka,Fyndon,jfyndon87@barnesandnoble.com,Female,355,Lapsed Customers
8298,Lorelle,Clymo,lclymo89@tiny.cc,Female,361,Lapsed Customers
8306,Mallory,Kunrad,mkunrad8h@tamu.edu,Female,89,Recent fliers
8308,Burtie,Roddam,broddam8j@blogger.com,Male,70,Recent fliers
8312,Aurelie,Wones,awones8n@google.cn,Female,220,Been away a while
8316,Joni,Gotfrey,jgotfrey8r@spotify.com,Female,383,Lapsed Customers
8324,Regen,Jowle,rjowle8z@angelfire.com,Male,336,Lapsed Customers
8330,Jedediah,Chillingsworth,jchillingsworth95@independent.co.uk,Male,365,Lapsed Customers
8370,Waite,Emanulsson,wemanulssona9@cbslocal.com,Male,283,Lapsed Customers
8371,Alfie,Gittoes,agittoesaa@amazon.de,Male,240,Been away a while
8379,Rhianon,Humes,rhumesai@is.gd,Female,332,Lapsed Customers
8388,Paula,Nattriss,pnattrissar@blogs.com,Female,166,Taking a break
8397,Mallissa,Libbey,mlibbeyb0@dyndns.org,Female,210,Been away a while
8415,Tani,Mitroshinov,tmitroshinovbi@virginia.edu,Female,258,Been away a while
8416,Johnna,O'Leagham,joleaghambj@instagram.com,Female,205,Been away a while
8419,Zabrina,Hasell,zhasellbm@senate.gov,Female,354,Lapsed Customers
8423,Elyn,Pollock,epollockbq@creativecommons.org,Female,326,Lapsed Customers
8439,Care,Birtles,cbirtlesc6@tripadvisor.com,Male,195,Been away a while
8442,Moe,Selborne,mselbornec9@csmonitor.com,Male,188,Been away a while
8443,Stanford,Muldownie,smuldownieca@dot.gov,Male,330,Lapsed Customers
8447,Tammara,Lates,tlatesce@abc.net.au,Female,274,Been away a while
8470,Benn,Sirmon,bsirmond1@com.com,Male,365,Lapsed Customers
8478,Burt,Korneichik,bkorneichikd9@upenn.edu,Male,135,Taking a break
8495,Maurie,Goulbourn,mgoulbourndq@about.com,Male,104,Taking a break
8508,Bili,Ciotti,bciottie3@g.co,Female,277,Been away a while
8521,Berti,Dyhouse,bdyhouseeg@angelfire.com,Male,57,Recent fliers
8523,Erina,Wildes,ewildesei@theatlantic.com,Genderfluid,183,Been away a while
8526,Christalle,McNern,cmcnernel@wufoo.com,Female,192,Been away a while
8527,Mollee,Cleynman,mcleynmanem@wired.com,Female,134,Taking a break
8528,Cull,Hrycek,chryceken@addthis.com,Male,381,Lapsed Customers
8541,Mayne,Clemence,mclemencef0@paypal.com,Male,130,Taking a break
8545,Mikael,Golborn,mgolbornf4@mozilla.org,Male,378,Lapsed Customers
8553,Langsdon,Millington,lmillingtonfc@netvibes.com,Male,191,Been away a while
8562,Terrel,Shipley,tshipleyfl@theatlantic.com,Male,221,Been away a while
8563,Hinda,De Hooge,hdehoogefm@cpanel.net,Female,204,Been away a while
8565,Tome,Rubertis,trubertisfo@utexas.edu,Male,99,Taking a break
8574,Annalise,Alsopp,aalsoppfx@usnews.com,Non-binary,376,Lapsed Customers
8586,Scarlet,Tulloch,stullochg9@prlog.org,Female,338,Lapsed Customers
8589,Cobby,Sorbey,csorbeygc@tuttocitta.it,Male,146,Taking a break
8608,Marga,Czajkowski,mczajkowskigv@statcounter.com,Female,116,Taking a break
8612,Charlena,Ropars,croparsgz@yellowpages.com,Female,125,Taking a break
8614,Verne,Skaif,vskaifh1@webmd.com,Male,81,Recent fliers
8618,Jerome,Towey,jtoweyh5@harvard.edu,Male,182,Been away a while
8632,Ingunna,Staddon,istaddonhj@livejournal.com,Female,59,Recent fliers
8640,Lina,Zoren,lzorenhr@mashable.com,Female,37,Recent fliers
8649,Staci,Corrao,scorraoi0@prlog.org,Female,195,Been away a while
8671,Carissa,Langlands,clanglandsim@ustream.tv,Female,60,Recent fliers
8683,Urban,Sandcraft,usandcraftiy@google.co.jp,Male,34,Recent fliers
8721,Alfy,Griffin,agriffink0@pbs.org,Female,158,Taking a break
8742,Clarette,Drewe,cdrewekl@sohu.com,Genderfluid,123,Taking a break
8743,Erminia,Biddlestone,ebiddlestonekm@foxnews.com,Female,242,Been away a while
8754,Reinhold,Hallihane,rhallihanekx@xing.com,Male,352,Lapsed Customers
8757,Con,Blazewicz,cblazewiczl0@auda.org.au,Male,61,Recent fliers
8758,Lusa,Poxson,lpoxsonl1@jimdo.com,Female,135,Taking a break
8761,Nowell,Laidel,nlaidell4@state.tx.us,Male,354,Lapsed Customers
8767,Jaclyn,Regardsoe,jregardsoela@ustream.tv,Female,338,Lapsed Customers
8777,Sebastiano,Larrett,slarrettlk@nifty.com,Male,243,Been away a while
8778,Ole,MacGovern,omacgovernll@adobe.com,Male,138,Taking a break
8786,Bobbye,Camelli,bcamellilt@amazonaws.com,Female,130,Taking a break
8798,Sky,Beadles,sbeadlesm5@prweb.com,Male,75,Recent fliers
8800,Nona,Bust,nbustm7@skyrock.com,Female,333,Lapsed Customers
8803,Tanner,Bampford,tbampfordma@harvard.edu,Male,391,Lapsed Customers
8806,Milt,Colnett,mcolnettmd@hud.gov,Male,90,Recent fliers
8811,Tony,De Bruin,tdebruinmi@linkedin.com,Female,251,Been away a while
8817,Niels,Alvaro,nalvaromo@home.pl,Male,67,Recent fliers
8818,Bruis,Qusklay,bqusklaymp@bloomberg.com,Male,282,Lapsed Customers
8824,Thibaud,Giffon,tgiffonmv@addtoany.com,Male,352,Lapsed Customers
8830,Sallie,Foulis,sfoulisn1@mapy.cz,Female,392,Lapsed Customers
8835,Shaun,Drohane,sdrohanen6@gizmodo.com,Male,79,Recent fliers
8844,Eugene,Bastie,ebastienf@posterous.com,Male,365,Lapsed Customers
8845,Vite,Barwise,vbarwiseng@yale.edu,Male,50,Recent fliers
8865,Geno,Brabant,gbrabanto0@de.vu,Male,108,Taking a break
8883,Dwight,Tremelling,dtremellingoi@ezinearticles.com,Male,66,Recent fliers
8892,Michaeline,Nunns,mnunnsor@bloomberg.com,Genderqueer,307,Lapsed Customers
8896,Jimmie,Heathorn,jheathornov@webmd.com,Male,188,Been away a while
8897,Yank,James,yjamesow@ifeng.com,Male,114,Taking a break
8907,Conny,Cockaday,ccockadayp6@squarespace.com,Female,70,Recent fliers
8917,Kamilah,Dunwoody,kdunwoodypg@over-blog.com,Female,328,Lapsed Customers
8921,Gabby,De Nisco,gdeniscopk@google.co.uk,Male,217,Been away a while
8925,Myron,Warnock,mwarnockpo@spotify.com,Male,359,Lapsed Customers
8927,Ignacius,Poad,ipoadpq@google.ca,Male,69,Recent fliers
8941,Judah,Echelle,jechelleq4@foxnews.com,Male,209,Been away a while
8952,Kelcie,Tofpik,ktofpikqf@gmpg.org,Female,284,Lapsed Customers
8979,Lowe,Dineges,ldinegesr6@zdnet.com,Male,222,Been away a while
8981,Rafael,Wragg,rwraggr8@timesonline.co.uk,Polygender,385,Lapsed Customers
8988,Ferrel,O' Reagan,foreaganrf@reuters.com,Genderqueer,371,Lapsed Customers
9012,Shelby,Marquiss,smarquissb@state.gov,Female,183,Been away a while
9015,Fernanda,Eliasen,feliasene@cdc.gov,Female,285,Lapsed Customers
9021,Ric,Chilver,rchilverk@msu.edu,Male,367,Lapsed Customers
9022,Rancell,Gossington,rgossingtonl@ox.ac.uk,Male,149,Taking a break
9032,Louie,Brolechan,lbrolechanv@google.es,Male,91,Taking a break
9037,Erskine,Flower,eflower10@marketwatch.com,Male,57,Recent fliers
9049,Haslett,Goodhay,hgoodhay1c@ovh.net,Bigender,326,Lapsed Customers
9054,Thekla,Nickolls,tnickolls1h@devhub.com,Non-binary,291,Lapsed Customers
9061,Giacomo,Grigorescu,ggrigorescu1o@bandcamp.com,Bigender,359,Lapsed Customers
9071,Webster,Charette,wcharette1y@creativecommons.org,Male,350,Lapsed Customers
9096,Ruy,Pretley,rpretley2n@alexa.com,Male,297,Lapsed Customers
9100,Rhea,Fruish,rfruish2r@about.com,Female,65,Recent fliers
9102,Lanie,Pfaffel,lpfaffel2t@yellowbook.com,Male,108,Taking a break
9106,Cob,Dunrige,cdunrige2x@disqus.com,Male,189,Been away a while
9110,Miof mela,Judkins,mjudkins31@joomla.org,Female,316,Lapsed Customers
9124,Michael,Tutton,mtutton3f@eepurl.com,Male,369,Lapsed Customers
9125,Marigold,Vandrill,mvandrill3g@soup.io,Female,61,Recent fliers
9127,Brew,Camsey,bcamsey3i@narod.ru,Male,207,Been away a while
9141,Gasparo,Conti,gconti3w@google.fr,Male,101,Taking a break
9144,Wendie,Burdis,wburdis3z@nymag.com,Genderfluid,58,Recent fliers
9156,Bennie,Murch,bmurch4b@dailymail.co.uk,Male,210,Been away a while
9175,Maurita,Bosward,mbosward4u@marketwatch.com,Female,146,Taking a break
9176,Reynard,Hodgen,rhodgen4v@drupal.org,Male,247,Been away a while
9192,Artemus,Mort,amort5b@diigo.com,Male,171,Taking a break
9193,Lynette,Patters,lpatters5c@twitpic.com,Female,326,Lapsed Customers
9236,Cherie,Ashburne,cashburne6j@hibu.com,Genderqueer,253,Been away a while
9243,Hagen,Hengoed,hhengoed6q@nhs.uk,Male,113,Taking a break
9261,Kim,Sneath,ksneath78@whitehouse.gov,Male,385,Lapsed Customers
9263,Shadow,Bywater,sbywater7a@pbs.org,Male,251,Been away a while
9264,Gabe,Switland,gswitland7b@miibeian.gov.cn,Male,261,Been away a while
9272,Idelle,Goroni,igoroni7j@liveinternet.ru,Female,144,Taking a break
9274,Jacki,Sambedge,jsambedge7l@ustream.tv,Female,390,Lapsed Customers
9285,Kerstin,Shildrake,kshildrake7w@imageshack.us,Female,33,Recent fliers
9301,Frieda,Brewin,fbrewin8c@51.la,Female,190,Been away a while
9314,Free,Duckitt,fduckitt8p@cdbaby.com,Male,350,Lapsed Customers
9315,West,Darrel,wdarrel8q@mit.edu,Male,165,Taking a break
9320,Darby,Pensom,dpensom8v@cafepress.com,Female,374,Lapsed Customers
9321,Gunter,Ead,gead8w@youtube.com,Non-binary,225,Been away a while
9332,Leann,Caswell,lcaswell97@nydailynews.com,Female,197,Been away a while
9339,Livvyy,Gould,lgould9e@msu.edu,Agender,172,Taking a break
9342,Dorothy,Adrienne,dadrienne9h@admin.ch,Female,359,Lapsed Customers
9366,Alfy,Bulcroft,abulcrofta5@wp.com,Female,154,Taking a break
9372,Faith,Creus,fcreusab@discovery.com,Female,355,Lapsed Customers
9380,Averil,Cutcliffe,acutcliffeaj@shutterfly.com,Genderfluid,244,Been away a while
9382,Osmund,Kennicott,okennicottal@loc.gov,Male,64,Recent fliers
9388,Nert,Lambkin,nlambkinar@bluehost.com,Female,80,Recent fliers
9400,Jennette,Surgeoner,jsurgeonerb3@theatlantic.com,Female,337,Lapsed Customers
9407,Budd,Bettam,bbettamba@angelfire.com,Male,94,Taking a break
9410,Rianon,Brimming,rbrimmingbd@tinyurl.com,Female,107,Taking a break
9421,Dion,Borrowman,dborrowmanbo@techcrunch.com,Female,247,Been away a while
9430,Tamas,McReedy,tmcreedybx@tinyurl.com,Male,83,Recent fliers
9432,Fernanda,Simeons,fsimeonsbz@behance.net,Female,58,Recent fliers
9434,Berke,Hallihane,bhallihanec1@buzzfeed.com,Male,206,Been away a while
9445,Agatha,Ferfulle,aferfullecc@ca.gov,Female,96,Taking a break
9446,Willi,Camilio,wcamiliocd@sakura.ne.jp,Female,255,Been away a while
9447,Chicky,Reynard,creynardce@accuweather.com,Male,35,Recent fliers
9465,Kerwin,Devin,kdevincw@diigo.com,Male,139,Taking a break
9472,Evelyn,Van Der Straaten,evanderstraatend3@rakuten.co.jp,Male,366,Lapsed Customers
9477,Evyn,Mansuer,emansuerd8@netlog.com,Agender,374,Lapsed Customers
9489,Agustin,Van Cassel,avancasseldk@wisc.edu,Male,115,Taking a break
9492,Miof mela,Asquith,masquithdn@amazon.co.jp,Female,167,Taking a break
9505,Cindra,Carmen,ccarmene0@wordpress.com,Female,258,Been away a while
9513,Rusty,Metterick,rmettericke8@oracle.com,Male,266,Been away a while
9521,Donnell,Benn,dbenneg@msn.com,Male,184,Been away a while
9531,Agace,Bigley,abigleyeq@wix.com,Bigender,311,Lapsed Customers
9532,Richart,Freckingham,rfreckinghamer@purevolume.com,Male,249,Been away a while
9534,Rossy,Teather,rteatheret@hugedomains.com,Male,238,Been away a while
9544,Cecil,McGurk,cmcgurkf3@psu.edu,Bigender,64,Recent fliers
9571,Tanya,Jerdein,tjerdeinfu@acquirethisname.com,Female,288,Lapsed Customers
9572,Catlee,Brereton,cbreretonfv@i2i.jp,Female,286,Lapsed Customers
9583,Arri,Stebbins,astebbinsg6@woothemes.com,Male,252,Been away a while
9590,Constancy,Gallon,cgallongd@wikipedia.org,Female,328,Lapsed Customers
9592,Haleigh,Donneely,hdonneelygf@prweb.com,Male,271,Been away a while
9598,Bernie,Porker,bporkergl@facebook.com,Genderfluid,193,Been away a while
9612,Bettye,Crain,bcraingz@example.com,Female,336,Lapsed Customers
9613,Rudie,Rizzo,rrizzoh0@omniture.com,Male,124,Taking a break
9619,Thelma,Blankett,tblanketth6@nytimes.com,Female,117,Taking a break
9624,Clyve,Simek,csimekhb@barnesandnoble.com,Male,96,Taking a break
9626,Tanitansy,Sangwin,tsangwinhd@phoca.cz,Bigender,251,Been away a while
9629,Hernando,Maypowder,hmaypowderhg@yahoo.co.jp,Male,391,Lapsed Customers
9664,Henrik,Pickup,hpickupif@ftc.gov,Male,186,Been away a while
9668,Benedick,Jandak,bjandakij@umich.edu,Male,232,Been away a while
9669,Malcolm,Brea,mbreaik@netscape.com,Male,86,Recent fliers
9676,Benn,Whorf,bwhorfir@over-blog.com,Male,317,Lapsed Customers
9678,Rosemonde,Bartlomiej,rbartlomiejit@example.com,Female,152,Taking a break
9690,Arny,Tendahl,atendahlj5@skyrock.com,Male,347,Lapsed Customers
9704,Marietta,Dunnion,mdunnionjj@netvibes.com,Male,167,Taking a break
9706,Bentley,Boak,bboakjl@pinterest.com,Male,247,Been away a while
9710,Wynny,Hurdiss,whurdissjp@dropbox.com,Genderqueer,152,Taking a break
9714,Fleurette,Stanton,fstantonjt@people.com.cn,Female,298,Lapsed Customers
9715,Andie,Helm,ahelmju@jalbum.net,Male,375,Lapsed Customers
9720,Lorianne,Le Bosse,llebossejz@umich.edu,Female,110,Taking a break
9736,Ware,Crumly,wcrumlykf@whitehouse.gov,Genderqueer,282,Lapsed Customers
9742,Etta,Kayser,ekayserkl@dell.com,Female,72,Recent fliers
9758,Judd,Errey,jerreyl1@utexas.edu,Genderqueer,125,Taking a break
9765,Myer,Georgievski,mgeorgievskil8@bloglines.com,Male,216,Been away a while
9781,Neddie,Gontier,ngontierlo@usa.gov,Male,263,Been away a while
9786,Krisha,Fullun,kfullunlt@wufoo.com,Male,81,Recent fliers
9790,Timotheus,Alelsandrowicz,talelsandrowiczlx@themeforest.net,Male,69,Recent fliers
9792,Bernard,Donohue,bdonohuelz@amazon.com,Male,187,Been away a while
9801,Teodor,Tarplee,ttarpleem8@oakley.com,Male,338,Lapsed Customers
9804,Gisella,Cothey,gcotheymb@hugedomains.com,Female,208,Been away a while
9815,Hyacinthia,Ollerhad,hollerhadmm@posterous.com,Female,146,Taking a break
9827,Ericka,Brik,ebrikmy@addtoany.com,Bigender,252,Been away a while
9828,Felice,Domerq,fdomerqmz@sphinn.com,Female,192,Been away a while
9864,Tobi,Le Huquet,tlehuquetnz@webs.com,Female,176,Taking a break
9865,Amelita,MacConnechie,amacconnechieo0@oracle.com,Female,197,Been away a while
9875,Amble,Stegel,astegeloa@icq.com,Male,89,Recent fliers
9878,Bert,Eymer,beymerod@mit.edu,Female,295,Lapsed Customers
9887,Bab,Fulmen,bfulmenom@w3.org,Female,289,Lapsed Customers
9925,Ericha,Odegaard,eodegaardpo@hp.com,Female,175,Taking a break
9938,Estrellita,Planks,eplanksq1@skyrock.com,Female,310,Lapsed Customers
9946,Herta,Sackett,hsackettq9@wikia.com,Female,227,Been away a while
9959,Sunny,Hordell,shordellqm@ustream.tv,Male,231,Been away a while
9965,Carlyle,Seago,cseagoqs@netvibes.com,Male,248,Been away a while
9972,Any,Mongeot,amongeotqz@twitter.com,Male,109,Taking a break
9975,Idell,Clyant,iclyantr2@hostgator.com,Female,333,Lapsed Customers
9978,Spike,Thaller,sthallerr5@gov.uk,Agender,285,Lapsed Customers
9989,Robbie,Grugerr,rgrugerrrg@plala.or.jp,Female,86,Recent fliers
9996,Jelene,Dodgshun,jdodgshunrn@angelfire.com,Female,137,Taking a break
